passenger_id,sibsp,parch,fare,age,is_train,imputed_age,bucketized_age,sex,survived,coded_sex,pclass,coded_pclass,embarked,coded_embarked,title,coded_title,min_max_scaled_age
1,1,0,7.25,22.0,True,22.0,2.0,male,0.0,0,3.0,0,S,2,Mr,2,0.2711737
2,1,0,71.2833,38.0,True,38.0,3.0,female,1.0,1,1.0,1,C,0,Mrs,3,0.4722292
3,0,0,7.925,26.0,True,26.0,2.0,female,1.0,1,3.0,0,S,2,Miss,1,0.32143757
4,1,0,53.1,35.0,True,35.0,3.0,female,1.0,1,1.0,1,S,2,Mrs,3,0.4345313
5,0,0,8.05,35.0,True,35.0,3.0,male,0.0,0,3.0,0,S,2,Mr,2,0.4345313
6,0,0,8.4583,,True,29.759611,2.0,male,0.0,0,3.0,0,Q,1,Mr,2,0.36868072
7,0,0,51.8625,54.0,False,54.0,4.0,male,0.0,0,1.0,1,S,2,Mr,2,0.67328477
8,3,1,21.075,2.0,True,2.0,0.0,male,0.0,0,3.0,0,S,2,Master,0,0.019854235
9,0,2,11.1333,27.0,True,27.0,2.0,female,1.0,1,3.0,0,S,2,Mrs,3,0.33400354
10,1,0,30.0708,14.0,True,14.0,1.0,female,1.0,1,2.0,2,C,0,Mrs,3,0.1706459
11,1,1,16.7,4.0,False,4.0,0.0,female,1.0,1,3.0,0,S,2,Miss,1,0.044986177
12,0,0,26.55,58.0,True,58.0,4.0,female,1.0,1,1.0,1,S,2,Miss,1,0.72354865
13,0,0,8.05,20.0,True,20.0,2.0,male,0.0,0,3.0,0,S,2,Mr,2,0.24604173
14,1,5,31.275,39.0,True,39.0,3.0,male,0.0,0,3.0,0,S,2,Mr,2,0.48479518
15,0,0,7.8542,14.0,True,14.0,1.0,female,0.0,1,3.0,0,S,2,Miss,1,0.1706459
16,0,0,16.0,55.0,True,55.0,4.0,female,1.0,1,2.0,2,S,2,Mrs,3,0.68585074
17,4,1,29.125,2.0,True,2.0,0.0,male,0.0,0,3.0,0,Q,1,Master,0,0.019854235
18,0,0,13.0,,True,29.759611,2.0,male,1.0,0,2.0,2,S,2,Mr,2,0.36868072
19,1,0,18.0,31.0,True,31.0,3.0,female,0.0,1,3.0,0,S,2,Mrs,3,0.38426742
20,0,0,7.225,,True,29.759611,2.0,female,1.0,1,3.0,0,C,0,Mrs,3,0.36868072
21,0,0,26.0,35.0,True,35.0,3.0,male,0.0,0,2.0,2,S,2,Mr,2,0.4345313
22,0,0,13.0,34.0,True,34.0,3.0,male,1.0,0,2.0,2,S,2,Mr,2,0.42196533
23,0,0,8.0292,15.0,True,15.0,1.0,female,1.0,1,3.0,0,Q,1,Miss,1,0.18321186
24,0,0,35.5,28.0,True,28.0,2.0,male,1.0,0,1.0,1,S,2,Mr,2,0.3465695
25,3,1,21.075,8.0,True,8.0,0.0,female,0.0,1,3.0,0,S,2,Miss,1,0.09525006
26,1,5,31.3875,38.0,True,38.0,3.0,female,1.0,1,3.0,0,S,2,Mrs,3,0.4722292
27,0,0,7.225,,True,29.759611,2.0,male,0.0,0,3.0,0,C,0,Mr,2,0.36868072
28,3,2,263.0,19.0,True,19.0,2.0,male,0.0,0,1.0,1,S,2,Mr,2,0.23347574
29,0,0,7.8792,,True,29.759611,2.0,female,1.0,1,3.0,0,Q,1,Miss,1,0.36868072
30,0,0,7.8958,,False,29.759611,2.0,male,0.0,0,3.0,0,S,2,Mr,2,0.36868072
31,0,0,27.7208,40.0,True,40.0,4.0,male,0.0,0,1.0,1,C,0,Others,4,0.49736118
32,1,0,146.5208,,True,29.759611,2.0,female,1.0,1,1.0,1,C,0,Mrs,3,0.36868072
33,0,0,7.75,,False,29.759611,2.0,female,1.0,1,3.0,0,Q,1,Miss,1,0.36868072
34,0,0,10.5,66.0,True,66.0,5.0,male,0.0,0,2.0,2,S,2,Mr,2,0.8240764
35,1,0,82.1708,28.0,True,28.0,2.0,male,0.0,0,1.0,1,C,0,Mr,2,0.3465695
36,1,0,52.0,42.0,True,42.0,4.0,male,0.0,0,1.0,1,S,2,Mr,2,0.5224931
37,0,0,7.2292,,True,29.759611,2.0,male,1.0,0,3.0,0,C,0,Mr,2,0.36868072
38,0,0,8.05,21.0,False,21.0,2.0,male,0.0,0,3.0,0,S,2,Mr,2,0.25860772
39,2,0,18.0,18.0,True,18.0,2.0,female,0.0,1,3.0,0,S,2,Miss,1,0.22090977
40,1,0,11.2417,14.0,True,14.0,1.0,female,1.0,1,3.0,0,C,0,Miss,1,0.1706459
41,1,0,9.475,40.0,True,40.0,4.0,female,0.0,1,3.0,0,S,2,Mrs,3,0.49736118
42,1,0,21.0,27.0,True,27.0,2.0,female,0.0,1,2.0,2,S,2,Mrs,3,0.33400354
43,0,0,7.8958,,False,29.759611,2.0,male,0.0,0,3.0,0,C,0,Mr,2,0.36868072
44,1,2,41.5792,3.0,True,3.0,0.0,female,1.0,1,2.0,2,C,0,Miss,1,0.032420207
45,0,0,7.8792,19.0,True,19.0,2.0,female,1.0,1,3.0,0,Q,1,Miss,1,0.23347574
46,0,0,8.05,,True,29.759611,2.0,male,0.0,0,3.0,0,S,2,Mr,2,0.36868072
47,1,0,15.5,,True,29.759611,2.0,male,0.0,0,3.0,0,Q,1,Mr,2,0.36868072
48,0,0,7.75,,True,29.759611,2.0,female,1.0,1,3.0,0,Q,1,Miss,1,0.36868072
49,2,0,21.6792,,True,29.759611,2.0,male,0.0,0,3.0,0,C,0,Mr,2,0.36868072
50,1,0,17.8,18.0,True,18.0,2.0,female,0.0,1,3.0,0,S,2,Mrs,3,0.22090977
51,4,1,39.6875,7.0,True,7.0,0.0,male,0.0,0,3.0,0,S,2,Master,0,0.08268409
52,0,0,7.8,21.0,True,21.0,2.0,male,0.0,0,3.0,0,S,2,Mr,2,0.25860772
53,1,0,76.7292,49.0,True,49.0,4.0,female,1.0,1,1.0,1,C,0,Mrs,3,0.6104549
54,1,0,26.0,29.0,True,29.0,2.0,female,1.0,1,2.0,2,S,2,Mrs,3,0.35913548
55,0,1,61.9792,65.0,True,65.0,5.0,male,0.0,0,1.0,1,C,0,Mr,2,0.81151044
56,0,0,35.5,,True,29.759611,2.0,male,1.0,0,1.0,1,S,2,Mr,2,0.36868072
57,0,0,10.5,21.0,False,21.0,2.0,female,1.0,1,2.0,2,S,2,Miss,1,0.25860772
58,0,0,7.2292,28.5,True,28.5,2.0,male,0.0,0,3.0,0,C,0,Mr,2,0.3528525
59,1,2,27.75,5.0,False,5.0,0.0,female,1.0,1,2.0,2,S,2,Miss,1,0.05755215
60,5,2,46.9,11.0,True,11.0,1.0,male,0.0,0,3.0,0,S,2,Master,0,0.13294798
61,0,0,7.2292,22.0,True,22.0,2.0,male,0.0,0,3.0,0,C,0,Mr,2,0.2711737
62,0,0,80.0,38.0,True,38.0,3.0,female,1.0,1,1.0,1,S,2,Miss,1,0.4722292
63,1,0,83.475,45.0,True,45.0,4.0,male,0.0,0,1.0,1,S,2,Mr,2,0.56019104
64,3,2,27.9,4.0,True,4.0,0.0,male,0.0,0,3.0,0,S,2,Master,0,0.044986177
65,0,0,27.7208,,True,29.759611,2.0,male,0.0,0,1.0,1,C,0,Mr,2,0.36868072
66,1,1,15.2458,,True,29.759611,2.0,male,1.0,0,3.0,0,C,0,Master,0,0.36868072
67,0,0,10.5,29.0,True,29.0,2.0,female,1.0,1,2.0,2,S,2,Mrs,3,0.35913548
68,0,0,8.1583,19.0,True,19.0,2.0,male,0.0,0,3.0,0,S,2,Mr,2,0.23347574
69,4,2,7.925,17.0,False,17.0,1.0,female,1.0,1,3.0,0,S,2,Miss,1,0.2083438
70,2,0,8.6625,26.0,True,26.0,2.0,male,0.0,0,3.0,0,S,2,Mr,2,0.32143757
71,0,0,10.5,32.0,True,32.0,3.0,male,0.0,0,2.0,2,S,2,Mr,2,0.3968334
72,5,2,46.9,16.0,True,16.0,1.0,female,0.0,1,3.0,0,S,2,Miss,1,0.19577783
73,0,0,73.5,21.0,False,21.0,2.0,male,0.0,0,2.0,2,S,2,Mr,2,0.25860772
74,1,0,14.4542,26.0,True,26.0,2.0,male,0.0,0,3.0,0,C,0,Mr,2,0.32143757
75,0,0,56.4958,32.0,True,32.0,3.0,male,1.0,0,3.0,0,S,2,Mr,2,0.3968334
76,0,0,7.65,25.0,True,25.0,2.0,male,0.0,0,3.0,0,S,2,Mr,2,0.3088716
77,0,0,7.8958,,True,29.759611,2.0,male,0.0,0,3.0,0,S,2,Mr,2,0.36868072
78,0,0,8.05,,False,29.759611,2.0,male,0.0,0,3.0,0,S,2,Mr,2,0.36868072
79,0,2,29.0,0.83,True,0.83,0.0,male,1.0,0,2.0,2,S,2,Master,0,0.005152048
80,0,0,12.475,30.0,True,30.0,3.0,female,1.0,1,3.0,0,S,2,Miss,1,0.37170145
81,0,0,9.0,22.0,True,22.0,2.0,male,0.0,0,3.0,0,S,2,Mr,2,0.2711737
82,0,0,9.5,29.0,True,29.0,2.0,male,1.0,0,3.0,0,S,2,Mr,2,0.35913548
83,0,0,7.7875,,True,29.759611,2.0,female,1.0,1,3.0,0,Q,1,Miss,1,0.36868072
84,0,0,47.1,28.0,False,28.0,2.0,male,0.0,0,1.0,1,S,2,Mr,2,0.3465695
85,0,0,10.5,17.0,True,17.0,1.0,female,1.0,1,2.0,2,S,2,Miss,1,0.2083438
86,3,0,15.85,33.0,True,33.0,3.0,female,1.0,1,3.0,0,S,2,Mrs,3,0.40939936
87,1,3,34.375,16.0,True,16.0,1.0,male,0.0,0,3.0,0,S,2,Mr,2,0.19577783
88,0,0,8.05,,True,29.759611,2.0,male,0.0,0,3.0,0,S,2,Mr,2,0.36868072
89,3,2,263.0,23.0,True,23.0,2.0,female,1.0,1,1.0,1,S,2,Miss,1,0.28373966
90,0,0,8.05,24.0,True,24.0,2.0,male,0.0,0,3.0,0,S,2,Mr,2,0.29630563
91,0,0,8.05,29.0,True,29.0,2.0,male,0.0,0,3.0,0,S,2,Mr,2,0.35913548
92,0,0,7.8542,20.0,True,20.0,2.0,male,0.0,0,3.0,0,S,2,Mr,2,0.24604173
93,1,0,61.175,46.0,True,46.0,4.0,male,0.0,0,1.0,1,S,2,Mr,2,0.572757
94,1,2,20.575,26.0,True,26.0,2.0,male,0.0,0,3.0,0,S,2,Mr,2,0.32143757
95,0,0,7.25,59.0,True,59.0,4.0,male,0.0,0,3.0,0,S,2,Mr,2,0.7361146
96,0,0,8.05,,True,29.759611,2.0,male,0.0,0,3.0,0,S,2,Mr,2,0.36868072
97,0,0,34.6542,71.0,True,71.0,5.0,male,0.0,0,1.0,1,C,0,Mr,2,0.88690627
98,0,1,63.3583,23.0,True,23.0,2.0,male,1.0,0,1.0,1,C,0,Mr,2,0.28373966
99,0,1,23.0,34.0,False,34.0,3.0,female,1.0,1,2.0,2,S,2,Mrs,3,0.42196533
100,1,0,26.0,34.0,True,34.0,3.0,male,0.0,0,2.0,2,S,2,Mr,2,0.42196533
101,0,0,7.8958,28.0,False,28.0,2.0,female,0.0,1,3.0,0,S,2,Miss,1,0.3465695
102,0,0,7.8958,,True,29.759611,2.0,male,0.0,0,3.0,0,S,2,Mr,2,0.36868072
103,0,1,77.2875,21.0,True,21.0,2.0,male,0.0,0,1.0,1,S,2,Mr,2,0.25860772
104,0,0,8.6542,33.0,True,33.0,3.0,male,0.0,0,3.0,0,S,2,Mr,2,0.40939936
105,2,0,7.925,37.0,True,37.0,3.0,male,0.0,0,3.0,0,S,2,Mr,2,0.45966324
106,0,0,7.8958,28.0,True,28.0,2.0,male,0.0,0,3.0,0,S,2,Mr,2,0.3465695
107,0,0,7.65,21.0,True,21.0,2.0,female,1.0,1,3.0,0,S,2,Miss,1,0.25860772
108,0,0,7.775,,True,29.759611,2.0,male,1.0,0,3.0,0,S,2,Mr,2,0.36868072
109,0,0,7.8958,38.0,True,38.0,3.0,male,0.0,0,3.0,0,S,2,Mr,2,0.4722292
110,1,0,24.15,,False,29.759611,2.0,female,1.0,1,3.0,0,Q,1,Miss,1,0.36868072
111,0,0,52.0,47.0,True,47.0,4.0,male,0.0,0,1.0,1,S,2,Mr,2,0.585323
112,1,0,14.4542,14.5,True,14.5,1.0,female,0.0,1,3.0,0,C,0,Miss,1,0.17692888
113,0,0,8.05,22.0,True,22.0,2.0,male,0.0,0,3.0,0,S,2,Mr,2,0.2711737
114,1,0,9.825,20.0,True,20.0,2.0,female,0.0,1,3.0,0,S,2,Miss,1,0.24604173
115,0,0,14.4583,17.0,True,17.0,1.0,female,0.0,1,3.0,0,C,0,Miss,1,0.2083438
116,0,0,7.925,21.0,True,21.0,2.0,male,0.0,0,3.0,0,S,2,Mr,2,0.25860772
117,0,0,7.75,70.5,True,70.5,5.0,male,0.0,0,3.0,0,Q,1,Mr,2,0.8806233
118,1,0,21.0,29.0,True,29.0,2.0,male,0.0,0,2.0,2,S,2,Mr,2,0.35913548
119,0,1,247.5208,24.0,True,24.0,2.0,male,0.0,0,1.0,1,C,0,Mr,2,0.29630563
120,4,2,31.275,2.0,True,2.0,0.0,female,0.0,1,3.0,0,S,2,Miss,1,0.019854235
121,2,0,73.5,21.0,True,21.0,2.0,male,0.0,0,2.0,2,S,2,Mr,2,0.25860772
122,0,0,8.05,,True,29.759611,2.0,male,0.0,0,3.0,0,S,2,Mr,2,0.36868072
123,1,0,30.0708,32.5,True,32.5,3.0,male,0.0,0,2.0,2,C,0,Mr,2,0.40311638
124,0,0,13.0,32.5,True,32.5,3.0,female,1.0,1,2.0,2,S,2,Miss,1,0.40311638
125,0,1,77.2875,54.0,True,54.0,4.0,male,0.0,0,1.0,1,S,2,Mr,2,0.67328477
126,1,0,11.2417,12.0,True,12.0,1.0,male,1.0,0,3.0,0,C,0,Master,0,0.14551395
127,0,0,7.75,,True,29.759611,2.0,male,0.0,0,3.0,0,Q,1,Mr,2,0.36868072
128,0,0,7.1417,24.0,True,24.0,2.0,male,1.0,0,3.0,0,S,2,Mr,2,0.29630563
129,1,1,22.3583,,False,29.759611,2.0,female,1.0,1,3.0,0,C,0,Miss,1,0.36868072
130,0,0,6.975,45.0,True,45.0,4.0,male,0.0,0,3.0,0,S,2,Mr,2,0.56019104
131,0,0,7.8958,33.0,True,33.0,3.0,male,0.0,0,3.0,0,C,0,Mr,2,0.40939936
132,0,0,7.05,20.0,True,20.0,2.0,male,0.0,0,3.0,0,S,2,Mr,2,0.24604173
133,1,0,14.5,47.0,True,47.0,4.0,female,0.0,1,3.0,0,S,2,Mrs,3,0.585323
134,1,0,26.0,29.0,True,29.0,2.0,female,1.0,1,2.0,2,S,2,Mrs,3,0.35913548
135,0,0,13.0,25.0,True,25.0,2.0,male,0.0,0,2.0,2,S,2,Mr,2,0.3088716
136,0,0,15.0458,23.0,True,23.0,2.0,male,0.0,0,2.0,2,C,0,Mr,2,0.28373966
137,0,2,26.2833,19.0,True,19.0,2.0,female,1.0,1,1.0,1,S,2,Miss,1,0.23347574
138,1,0,53.1,37.0,True,37.0,3.0,male,0.0,0,1.0,1,S,2,Mr,2,0.45966324
139,0,0,9.2167,16.0,True,16.0,1.0,male,0.0,0,3.0,0,S,2,Mr,2,0.19577783
140,0,0,79.2,24.0,True,24.0,2.0,male,0.0,0,1.0,1,C,0,Mr,2,0.29630563
141,0,2,15.2458,,True,29.759611,2.0,female,0.0,1,3.0,0,C,0,Mrs,3,0.36868072
142,0,0,7.75,22.0,True,22.0,2.0,female,1.0,1,3.0,0,S,2,Miss,1,0.2711737
143,1,0,15.85,24.0,True,24.0,2.0,female,1.0,1,3.0,0,S,2,Mrs,3,0.29630563
144,0,0,6.75,19.0,True,19.0,2.0,male,0.0,0,3.0,0,Q,1,Mr,2,0.23347574
145,0,0,11.5,18.0,True,18.0,2.0,male,0.0,0,2.0,2,S,2,Mr,2,0.22090977
146,1,1,36.75,19.0,False,19.0,2.0,male,0.0,0,2.0,2,S,2,Mr,2,0.23347574
147,0,0,7.7958,27.0,True,27.0,2.0,male,1.0,0,3.0,0,S,2,Mr,2,0.33400354
148,2,2,34.375,9.0,True,9.0,0.0,female,0.0,1,3.0,0,S,2,Miss,1,0.10781603
149,0,2,26.0,36.5,False,36.5,3.0,male,0.0,0,2.0,2,S,2,Mr,2,0.45338026
150,0,0,13.0,42.0,True,42.0,4.0,male,0.0,0,2.0,2,S,2,Others,4,0.5224931
151,0,0,12.525,51.0,True,51.0,4.0,male,0.0,0,2.0,2,S,2,Others,4,0.63558686
152,1,0,66.6,22.0,True,22.0,2.0,female,1.0,1,1.0,1,S,2,Mrs,3,0.2711737
153,0,0,8.05,55.5,True,55.5,4.0,male,0.0,0,3.0,0,S,2,Mr,2,0.6921337
154,0,2,14.5,40.5,True,40.5,4.0,male,0.0,0,3.0,0,S,2,Mr,2,0.50364417
155,0,0,7.3125,,True,29.759611,2.0,male,0.0,0,3.0,0,S,2,Mr,2,0.36868072
156,0,1,61.3792,51.0,True,51.0,4.0,male,0.0,0,1.0,1,C,0,Mr,2,0.63558686
157,0,0,7.7333,16.0,True,16.0,1.0,female,1.0,1,3.0,0,Q,1,Miss,1,0.19577783
158,0,0,8.05,30.0,True,30.0,3.0,male,0.0,0,3.0,0,S,2,Mr,2,0.37170145
159,0,0,8.6625,,True,29.759611,2.0,male,0.0,0,3.0,0,S,2,Mr,2,0.36868072
160,8,2,69.55,,True,29.759611,2.0,male,0.0,0,3.0,0,S,2,Master,0,0.36868072
161,0,1,16.1,44.0,True,44.0,4.0,male,0.0,0,3.0,0,S,2,Mr,2,0.54762506
162,0,0,15.75,40.0,True,40.0,4.0,female,1.0,1,2.0,2,S,2,Mrs,3,0.49736118
163,0,0,7.775,26.0,True,26.0,2.0,male,0.0,0,3.0,0,S,2,Mr,2,0.32143757
164,0,0,8.6625,17.0,True,17.0,1.0,male,0.0,0,3.0,0,S,2,Mr,2,0.2083438
165,4,1,39.6875,1.0,False,1.0,0.0,male,0.0,0,3.0,0,S,2,Master,0,0.0072882636
166,0,2,20.525,9.0,True,9.0,0.0,male,1.0,0,3.0,0,S,2,Master,0,0.10781603
167,0,1,55.0,,True,29.759611,2.0,female,1.0,1,1.0,1,S,2,Mrs,3,0.36868072
168,1,4,27.9,45.0,True,45.0,4.0,female,0.0,1,3.0,0,S,2,Mrs,3,0.56019104
169,0,0,25.925,,False,29.759611,2.0,male,0.0,0,1.0,1,S,2,Mr,2,0.36868072
170,0,0,56.4958,28.0,True,28.0,2.0,male,0.0,0,3.0,0,S,2,Mr,2,0.3465695
171,0,0,33.5,61.0,True,61.0,4.0,male,0.0,0,1.0,1,S,2,Mr,2,0.76124656
172,4,1,29.125,4.0,False,4.0,0.0,male,0.0,0,3.0,0,Q,1,Master,0,0.044986177
173,1,1,11.1333,1.0,True,1.0,0.0,female,1.0,1,3.0,0,S,2,Miss,1,0.0072882636
174,0,0,7.925,21.0,True,21.0,2.0,male,0.0,0,3.0,0,S,2,Mr,2,0.25860772
175,0,0,30.6958,56.0,True,56.0,4.0,male,0.0,0,1.0,1,C,0,Mr,2,0.6984167
176,1,1,7.8542,18.0,True,18.0,2.0,male,0.0,0,3.0,0,S,2,Mr,2,0.22090977
177,3,1,25.4667,,True,29.759611,2.0,male,0.0,0,3.0,0,S,2,Master,0,0.36868072
178,0,0,28.7125,50.0,True,50.0,4.0,female,0.0,1,1.0,1,C,0,Miss,1,0.6230209
179,0,0,13.0,30.0,True,30.0,3.0,male,0.0,0,2.0,2,S,2,Mr,2,0.37170145
180,0,0,0.0,36.0,True,36.0,3.0,male,0.0,0,3.0,0,S,2,Mr,2,0.44709727
181,8,2,69.55,,True,29.759611,2.0,female,0.0,1,3.0,0,S,2,Miss,1,0.36868072
182,0,0,15.05,,True,29.759611,2.0,male,0.0,0,2.0,2,C,0,Mr,2,0.36868072
183,4,2,31.3875,9.0,True,9.0,0.0,male,0.0,0,3.0,0,S,2,Master,0,0.10781603
184,2,1,39.0,1.0,True,1.0,0.0,male,1.0,0,2.0,2,S,2,Master,0,0.0072882636
185,0,2,22.025,4.0,True,4.0,0.0,female,1.0,1,3.0,0,S,2,Miss,1,0.044986177
186,0,0,50.0,,True,29.759611,2.0,male,0.0,0,1.0,1,S,2,Mr,2,0.36868072
187,1,0,15.5,,True,29.759611,2.0,female,1.0,1,3.0,0,Q,1,Mrs,3,0.36868072
188,0,0,26.55,45.0,True,45.0,4.0,male,1.0,0,1.0,1,S,2,Mr,2,0.56019104
189,1,1,15.5,40.0,True,40.0,4.0,male,0.0,0,3.0,0,Q,1,Mr,2,0.49736118
190,0,0,7.8958,36.0,True,36.0,3.0,male,0.0,0,3.0,0,S,2,Mr,2,0.44709727
191,0,0,13.0,32.0,False,32.0,3.0,female,1.0,1,2.0,2,S,2,Mrs,3,0.3968334
192,0,0,13.0,19.0,True,19.0,2.0,male,0.0,0,2.0,2,S,2,Mr,2,0.23347574
193,1,0,7.8542,19.0,True,19.0,2.0,female,1.0,1,3.0,0,S,2,Miss,1,0.23347574
194,1,1,26.0,3.0,True,3.0,0.0,male,1.0,0,2.0,2,S,2,Master,0,0.032420207
195,0,0,27.7208,44.0,True,44.0,4.0,female,1.0,1,1.0,1,C,0,Mrs,3,0.54762506
196,0,0,146.5208,58.0,True,58.0,4.0,female,1.0,1,1.0,1,C,0,Miss,1,0.72354865
197,0,0,7.75,,True,29.759611,2.0,male,0.0,0,3.0,0,Q,1,Mr,2,0.36868072
198,0,1,8.4042,42.0,True,42.0,4.0,male,0.0,0,3.0,0,S,2,Mr,2,0.5224931
199,0,0,7.75,,True,29.759611,2.0,female,1.0,1,3.0,0,Q,1,Miss,1,0.36868072
200,0,0,13.0,24.0,True,24.0,2.0,female,0.0,1,2.0,2,S,2,Miss,1,0.29630563
201,0,0,9.5,28.0,True,28.0,2.0,male,0.0,0,3.0,0,S,2,Mr,2,0.3465695
202,8,2,69.55,,False,29.759611,2.0,male,0.0,0,3.0,0,S,2,Mr,2,0.36868072
203,0,0,6.4958,34.0,True,34.0,3.0,male,0.0,0,3.0,0,S,2,Mr,2,0.42196533
204,0,0,7.225,45.5,True,45.5,4.0,male,0.0,0,3.0,0,C,0,Mr,2,0.566474
205,0,0,8.05,18.0,True,18.0,2.0,male,1.0,0,3.0,0,S,2,Mr,2,0.22090977
206,0,1,10.4625,2.0,False,2.0,0.0,female,0.0,1,3.0,0,S,2,Miss,1,0.019854235
207,1,0,15.85,32.0,True,32.0,3.0,male,0.0,0,3.0,0,S,2,Mr,2,0.3968334
208,0,0,18.7875,26.0,True,26.0,2.0,male,1.0,0,3.0,0,C,0,Mr,2,0.32143757
209,0,0,7.75,16.0,False,16.0,1.0,female,1.0,1,3.0,0,Q,1,Miss,1,0.19577783
210,0,0,31.0,40.0,True,40.0,4.0,male,1.0,0,1.0,1,C,0,Mr,2,0.49736118
211,0,0,7.05,24.0,True,24.0,2.0,male,0.0,0,3.0,0,S,2,Mr,2,0.29630563
212,0,0,21.0,35.0,True,35.0,3.0,female,1.0,1,2.0,2,S,2,Miss,1,0.4345313
213,0,0,7.25,22.0,True,22.0,2.0,male,0.0,0,3.0,0,S,2,Mr,2,0.2711737
214,0,0,13.0,30.0,True,30.0,3.0,male,0.0,0,2.0,2,S,2,Mr,2,0.37170145
215,1,0,7.75,,True,29.759611,2.0,male,0.0,0,3.0,0,Q,1,Mr,2,0.36868072
216,1,0,113.275,31.0,True,31.0,3.0,female,1.0,1,1.0,1,C,0,Miss,1,0.38426742
217,0,0,7.925,27.0,True,27.0,2.0,female,1.0,1,3.0,0,S,2,Miss,1,0.33400354
218,1,0,27.0,42.0,True,42.0,4.0,male,0.0,0,2.0,2,S,2,Mr,2,0.5224931
219,0,0,76.2917,32.0,True,32.0,3.0,female,1.0,1,1.0,1,C,0,Miss,1,0.3968334
220,0,0,10.5,30.0,True,30.0,3.0,male,0.0,0,2.0,2,S,2,Mr,2,0.37170145
221,0,0,8.05,16.0,True,16.0,1.0,male,1.0,0,3.0,0,S,2,Mr,2,0.19577783
222,0,0,13.0,27.0,True,27.0,2.0,male,0.0,0,2.0,2,S,2,Mr,2,0.33400354
223,0,0,8.05,51.0,False,51.0,4.0,male,0.0,0,3.0,0,S,2,Mr,2,0.63558686
224,0,0,7.8958,,True,29.759611,2.0,male,0.0,0,3.0,0,S,2,Mr,2,0.36868072
225,1,0,90.0,38.0,True,38.0,3.0,male,1.0,0,1.0,1,S,2,Mr,2,0.4722292
226,0,0,9.35,22.0,True,22.0,2.0,male,0.0,0,3.0,0,S,2,Mr,2,0.2711737
227,0,0,10.5,19.0,True,19.0,2.0,male,1.0,0,2.0,2,S,2,Mr,2,0.23347574
228,0,0,7.25,20.5,True,20.5,2.0,male,0.0,0,3.0,0,S,2,Mr,2,0.25232473
229,0,0,13.0,18.0,True,18.0,2.0,male,0.0,0,2.0,2,S,2,Mr,2,0.22090977
230,3,1,25.4667,,True,29.759611,2.0,female,0.0,1,3.0,0,S,2,Miss,1,0.36868072
231,1,0,83.475,35.0,True,35.0,3.0,female,1.0,1,1.0,1,S,2,Mrs,3,0.4345313
232,0,0,7.775,29.0,True,29.0,2.0,male,0.0,0,3.0,0,S,2,Mr,2,0.35913548
233,0,0,13.5,59.0,True,59.0,4.0,male,0.0,0,2.0,2,S,2,Mr,2,0.7361146
234,4,2,31.3875,5.0,True,5.0,0.0,female,1.0,1,3.0,0,S,2,Miss,1,0.05755215
235,0,0,10.5,24.0,True,24.0,2.0,male,0.0,0,2.0,2,S,2,Mr,2,0.29630563
236,0,0,7.55,,True,29.759611,2.0,female,0.0,1,3.0,0,S,2,Miss,1,0.36868072
237,1,0,26.0,44.0,True,44.0,4.0,male,0.0,0,2.0,2,S,2,Mr,2,0.54762506
238,0,2,26.25,8.0,False,8.0,0.0,female,1.0,1,2.0,2,S,2,Miss,1,0.09525006
239,0,0,10.5,19.0,True,19.0,2.0,male,0.0,0,2.0,2,S,2,Mr,2,0.23347574
240,0,0,12.275,33.0,True,33.0,3.0,male,0.0,0,2.0,2,S,2,Mr,2,0.40939936
241,1,0,14.4542,,True,29.759611,2.0,female,0.0,1,3.0,0,C,0,Miss,1,0.36868072
242,1,0,15.5,,True,29.759611,2.0,female,1.0,1,3.0,0,Q,1,Miss,1,0.36868072
243,0,0,10.5,29.0,True,29.0,2.0,male,0.0,0,2.0,2,S,2,Mr,2,0.35913548
244,0,0,7.125,22.0,True,22.0,2.0,male,0.0,0,3.0,0,S,2,Mr,2,0.2711737
245,0,0,7.225,30.0,False,30.0,3.0,male,0.0,0,3.0,0,C,0,Mr,2,0.37170145
246,2,0,90.0,44.0,True,44.0,4.0,male,0.0,0,1.0,1,Q,1,Others,4,0.54762506
247,0,0,7.775,25.0,True,25.0,2.0,female,0.0,1,3.0,0,S,2,Miss,1,0.3088716
248,0,2,14.5,24.0,True,24.0,2.0,female,1.0,1,2.0,2,S,2,Mrs,3,0.29630563
249,1,1,52.5542,37.0,True,37.0,3.0,male,1.0,0,1.0,1,S,2,Mr,2,0.45966324
250,1,0,26.0,54.0,True,54.0,4.0,male,0.0,0,2.0,2,S,2,Others,4,0.67328477
251,0,0,7.25,,True,29.759611,2.0,male,0.0,0,3.0,0,S,2,Mr,2,0.36868072
252,1,1,10.4625,29.0,True,29.0,2.0,female,0.0,1,3.0,0,S,2,Mrs,3,0.35913548
253,0,0,26.55,62.0,True,62.0,4.0,male,0.0,0,1.0,1,S,2,Mr,2,0.77381253
254,1,0,16.1,30.0,True,30.0,3.0,male,0.0,0,3.0,0,S,2,Mr,2,0.37170145
255,0,2,20.2125,41.0,True,41.0,4.0,female,0.0,1,3.0,0,S,2,Mrs,3,0.50992715
256,0,2,15.2458,29.0,True,29.0,2.0,female,1.0,1,3.0,0,C,0,Mrs,3,0.35913548
257,0,0,79.2,,True,29.759611,2.0,female,1.0,1,1.0,1,C,0,Mrs,3,0.36868072
258,0,0,86.5,30.0,True,30.0,3.0,female,1.0,1,1.0,1,S,2,Miss,1,0.37170145
259,0,0,512.3292,35.0,True,35.0,3.0,female,1.0,1,1.0,1,C,0,Miss,1,0.4345313
260,0,1,26.0,50.0,False,50.0,4.0,female,1.0,1,2.0,2,S,2,Mrs,3,0.6230209
261,0,0,7.75,,True,29.759611,2.0,male,0.0,0,3.0,0,Q,1,Mr,2,0.36868072
262,4,2,31.3875,3.0,True,3.0,0.0,male,1.0,0,3.0,0,S,2,Master,0,0.032420207
263,1,1,79.65,52.0,True,52.0,4.0,male,0.0,0,1.0,1,S,2,Mr,2,0.6481528
264,0,0,0.0,40.0,True,40.0,4.0,male,0.0,0,1.0,1,S,2,Mr,2,0.49736118
265,0,0,7.75,,True,29.759611,2.0,female,0.0,1,3.0,0,Q,1,Miss,1,0.36868072
266,0,0,10.5,36.0,True,36.0,3.0,male,0.0,0,2.0,2,S,2,Mr,2,0.44709727
267,4,1,39.6875,16.0,True,16.0,1.0,male,0.0,0,3.0,0,S,2,Mr,2,0.19577783
268,1,0,7.775,25.0,True,25.0,2.0,male,1.0,0,3.0,0,S,2,Mr,2,0.3088716
269,0,1,153.4625,58.0,True,58.0,4.0,female,1.0,1,1.0,1,S,2,Mrs,3,0.72354865
270,0,0,135.6333,35.0,True,35.0,3.0,female,1.0,1,1.0,1,S,2,Miss,1,0.4345313
271,0,0,31.0,,True,29.759611,2.0,male,0.0,0,1.0,1,S,2,Mr,2,0.36868072
272,0,0,0.0,25.0,True,25.0,2.0,male,1.0,0,3.0,0,S,2,Mr,2,0.3088716
273,0,1,19.5,41.0,True,41.0,4.0,female,1.0,1,2.0,2,S,2,Mrs,3,0.50992715
274,0,1,29.7,37.0,True,37.0,3.0,male,0.0,0,1.0,1,C,0,Mr,2,0.45966324
275,0,0,7.75,,True,29.759611,2.0,female,1.0,1,3.0,0,Q,1,Miss,1,0.36868072
276,1,0,77.9583,63.0,True,63.0,4.0,female,1.0,1,1.0,1,S,2,Miss,1,0.7863785
277,0,0,7.75,45.0,True,45.0,4.0,female,0.0,1,3.0,0,S,2,Miss,1,0.56019104
278,0,0,0.0,,True,29.759611,2.0,male,0.0,0,2.0,2,S,2,Mr,2,0.36868072
279,4,1,29.125,7.0,True,7.0,0.0,male,0.0,0,3.0,0,Q,1,Master,0,0.08268409
280,1,1,20.25,35.0,True,35.0,3.0,female,1.0,1,3.0,0,S,2,Mrs,3,0.4345313
281,0,0,7.75,65.0,True,65.0,5.0,male,0.0,0,3.0,0,Q,1,Mr,2,0.81151044
282,0,0,7.8542,28.0,True,28.0,2.0,male,0.0,0,3.0,0,S,2,Mr,2,0.3465695
283,0,0,9.5,16.0,True,16.0,1.0,male,0.0,0,3.0,0,S,2,Mr,2,0.19577783
284,0,0,8.05,19.0,False,19.0,2.0,male,1.0,0,3.0,0,S,2,Mr,2,0.23347574
285,0,0,26.0,,True,29.759611,2.0,male,0.0,0,1.0,1,S,2,Mr,2,0.36868072
286,0,0,8.6625,33.0,False,33.0,3.0,male,0.0,0,3.0,0,C,0,Mr,2,0.40939936
287,0,0,9.5,30.0,True,30.0,3.0,male,1.0,0,3.0,0,S,2,Mr,2,0.37170145
288,0,0,7.8958,22.0,True,22.0,2.0,male,0.0,0,3.0,0,S,2,Mr,2,0.2711737
289,0,0,13.0,42.0,True,42.0,4.0,male,1.0,0,2.0,2,S,2,Mr,2,0.5224931
290,0,0,7.75,22.0,True,22.0,2.0,female,1.0,1,3.0,0,Q,1,Miss,1,0.2711737
291,0,0,78.85,26.0,False,26.0,2.0,female,1.0,1,1.0,1,S,2,Miss,1,0.32143757
292,1,0,91.0792,19.0,False,19.0,2.0,female,1.0,1,1.0,1,C,0,Mrs,3,0.23347574
293,0,0,12.875,36.0,True,36.0,3.0,male,0.0,0,2.0,2,C,0,Mr,2,0.44709727
294,0,0,8.85,24.0,True,24.0,2.0,female,0.0,1,3.0,0,S,2,Miss,1,0.29630563
295,0,0,7.8958,24.0,True,24.0,2.0,male,0.0,0,3.0,0,S,2,Mr,2,0.29630563
296,0,0,27.7208,,True,29.759611,2.0,male,0.0,0,1.0,1,C,0,Mr,2,0.36868072
297,0,0,7.2292,23.5,True,23.5,2.0,male,0.0,0,3.0,0,C,0,Mr,2,0.29002264
298,1,2,151.55,2.0,True,2.0,0.0,female,0.0,1,1.0,1,S,2,Miss,1,0.019854235
299,0,0,30.5,,True,29.759611,2.0,male,1.0,0,1.0,1,S,2,Mr,2,0.36868072
300,0,1,247.5208,50.0,False,50.0,4.0,female,1.0,1,1.0,1,C,0,Mrs,3,0.6230209
301,0,0,7.75,,False,29.759611,2.0,female,1.0,1,3.0,0,Q,1,Miss,1,0.36868072
302,2,0,23.25,,True,29.759611,2.0,male,1.0,0,3.0,0,Q,1,Mr,2,0.36868072
303,0,0,0.0,19.0,True,19.0,2.0,male,0.0,0,3.0,0,S,2,Mr,2,0.23347574
304,0,0,12.35,,True,29.759611,2.0,female,1.0,1,2.0,2,Q,1,Miss,1,0.36868072
305,0,0,8.05,,True,29.759611,2.0,male,0.0,0,3.0,0,S,2,Mr,2,0.36868072
306,1,2,151.55,0.92,True,0.92,0.0,male,1.0,0,1.0,1,S,2,Master,0,0.0062829866
307,0,0,110.8833,,True,29.759611,2.0,female,1.0,1,1.0,1,C,0,Miss,1,0.36868072
308,1,0,108.9,17.0,True,17.0,1.0,female,1.0,1,1.0,1,C,0,Mrs,3,0.2083438
309,1,0,24.0,30.0,True,30.0,3.0,male,0.0,0,2.0,2,C,0,Mr,2,0.37170145
310,0,0,56.9292,30.0,True,30.0,3.0,female,1.0,1,1.0,1,C,0,Miss,1,0.37170145
311,0,0,83.1583,24.0,True,24.0,2.0,female,1.0,1,1.0,1,C,0,Miss,1,0.29630563
312,2,2,262.375,18.0,False,18.0,2.0,female,1.0,1,1.0,1,C,0,Miss,1,0.22090977
313,1,1,26.0,26.0,False,26.0,2.0,female,0.0,1,2.0,2,S,2,Mrs,3,0.32143757
314,0,0,7.8958,28.0,True,28.0,2.0,male,0.0,0,3.0,0,S,2,Mr,2,0.3465695
315,1,1,26.25,43.0,True,43.0,4.0,male,0.0,0,2.0,2,S,2,Mr,2,0.5350591
316,0,0,7.8542,26.0,True,26.0,2.0,female,1.0,1,3.0,0,S,2,Miss,1,0.32143757
317,1,0,26.0,24.0,True,24.0,2.0,female,1.0,1,2.0,2,S,2,Mrs,3,0.29630563
318,0,0,14.0,54.0,True,54.0,4.0,male,0.0,0,2.0,2,S,2,Others,4,0.67328477
319,0,2,164.8667,31.0,True,31.0,3.0,female,1.0,1,1.0,1,S,2,Miss,1,0.38426742
320,1,1,134.5,40.0,True,40.0,4.0,female,1.0,1,1.0,1,C,0,Mrs,3,0.49736118
321,0,0,7.25,22.0,True,22.0,2.0,male,0.0,0,3.0,0,S,2,Mr,2,0.2711737
322,0,0,7.8958,27.0,True,27.0,2.0,male,0.0,0,3.0,0,S,2,Mr,2,0.33400354
323,0,0,12.35,30.0,True,30.0,3.0,female,1.0,1,2.0,2,Q,1,Miss,1,0.37170145
324,1,1,29.0,22.0,True,22.0,2.0,female,1.0,1,2.0,2,S,2,Mrs,3,0.2711737
325,8,2,69.55,,True,29.759611,2.0,male,0.0,0,3.0,0,S,2,Mr,2,0.36868072
326,0,0,135.6333,36.0,True,36.0,3.0,female,1.0,1,1.0,1,C,0,Miss,1,0.44709727
327,0,0,6.2375,61.0,True,61.0,4.0,male,0.0,0,3.0,0,S,2,Mr,2,0.76124656
328,0,0,13.0,36.0,True,36.0,3.0,female,1.0,1,2.0,2,S,2,Mrs,3,0.44709727
329,1,1,20.525,31.0,True,31.0,3.0,female,1.0,1,3.0,0,S,2,Mrs,3,0.38426742
330,0,1,57.9792,16.0,True,16.0,1.0,female,1.0,1,1.0,1,C,0,Miss,1,0.19577783
331,2,0,23.25,,True,29.759611,2.0,female,1.0,1,3.0,0,Q,1,Miss,1,0.36868072
332,0,0,28.5,45.5,True,45.5,4.0,male,0.0,0,1.0,1,S,2,Mr,2,0.566474
333,0,1,153.4625,38.0,False,38.0,3.0,male,0.0,0,1.0,1,S,2,Mr,2,0.4722292
334,2,0,18.0,16.0,True,16.0,1.0,male,0.0,0,3.0,0,S,2,Mr,2,0.19577783
335,1,0,133.65,,False,29.759611,2.0,female,1.0,1,1.0,1,S,2,Mrs,3,0.36868072
336,0,0,7.8958,,False,29.759611,2.0,male,0.0,0,3.0,0,S,2,Mr,2,0.36868072
337,1,0,66.6,29.0,True,29.0,2.0,male,0.0,0,1.0,1,S,2,Mr,2,0.35913548
338,0,0,134.5,41.0,True,41.0,4.0,female,1.0,1,1.0,1,C,0,Miss,1,0.50992715
339,0,0,8.05,45.0,True,45.0,4.0,male,1.0,0,3.0,0,S,2,Mr,2,0.56019104
340,0,0,35.5,45.0,False,45.0,4.0,male,0.0,0,1.0,1,S,2,Mr,2,0.56019104
341,1,1,26.0,2.0,True,2.0,0.0,male,1.0,0,2.0,2,S,2,Master,0,0.019854235
342,3,2,263.0,24.0,True,24.0,2.0,female,1.0,1,1.0,1,S,2,Miss,1,0.29630563
343,0,0,13.0,28.0,True,28.0,2.0,male,0.0,0,2.0,2,S,2,Mr,2,0.3465695
344,0,0,13.0,25.0,True,25.0,2.0,male,0.0,0,2.0,2,S,2,Mr,2,0.3088716
345,0,0,13.0,36.0,True,36.0,3.0,male,0.0,0,2.0,2,S,2,Mr,2,0.44709727
346,0,0,13.0,24.0,True,24.0,2.0,female,1.0,1,2.0,2,S,2,Miss,1,0.29630563
347,0,0,13.0,40.0,True,40.0,4.0,female,1.0,1,2.0,2,S,2,Miss,1,0.49736118
348,1,0,16.1,,False,29.759611,2.0,female,1.0,1,3.0,0,S,2,Mrs,3,0.36868072
349,1,1,15.9,3.0,True,3.0,0.0,male,1.0,0,3.0,0,S,2,Master,0,0.032420207
350,0,0,8.6625,42.0,True,42.0,4.0,male,0.0,0,3.0,0,S,2,Mr,2,0.5224931
351,0,0,9.225,23.0,True,23.0,2.0,male,0.0,0,3.0,0,S,2,Mr,2,0.28373966
352,0,0,35.0,,True,29.759611,2.0,male,0.0,0,1.0,1,S,2,Mr,2,0.36868072
353,1,1,7.2292,15.0,True,15.0,1.0,male,0.0,0,3.0,0,C,0,Mr,2,0.18321186
354,1,0,17.8,25.0,True,25.0,2.0,male,0.0,0,3.0,0,S,2,Mr,2,0.3088716
355,0,0,7.225,,False,29.759611,2.0,male,0.0,0,3.0,0,C,0,Mr,2,0.36868072
356,0,0,9.5,28.0,True,28.0,2.0,male,0.0,0,3.0,0,S,2,Mr,2,0.3465695
357,0,1,55.0,22.0,False,22.0,2.0,female,1.0,1,1.0,1,S,2,Miss,1,0.2711737
358,0,0,13.0,38.0,True,38.0,3.0,female,0.0,1,2.0,2,S,2,Miss,1,0.4722292
359,0,0,7.8792,,True,29.759611,2.0,female,1.0,1,3.0,0,Q,1,Miss,1,0.36868072
360,0,0,7.8792,,True,29.759611,2.0,female,1.0,1,3.0,0,Q,1,Miss,1,0.36868072
361,1,4,27.9,40.0,True,40.0,4.0,male,0.0,0,3.0,0,S,2,Mr,2,0.49736118
362,1,0,27.7208,29.0,True,29.0,2.0,male,0.0,0,2.0,2,C,0,Mr,2,0.35913548
363,0,1,14.4542,45.0,True,45.0,4.0,female,0.0,1,3.0,0,C,0,Mrs,3,0.56019104
364,0,0,7.05,35.0,True,35.0,3.0,male,0.0,0,3.0,0,S,2,Mr,2,0.4345313
365,1,0,15.5,,True,29.759611,2.0,male,0.0,0,3.0,0,Q,1,Mr,2,0.36868072
366,0,0,7.25,30.0,True,30.0,3.0,male,0.0,0,3.0,0,S,2,Mr,2,0.37170145
367,1,0,75.25,60.0,True,60.0,4.0,female,1.0,1,1.0,1,C,0,Mrs,3,0.7486806
368,0,0,7.2292,,True,29.759611,2.0,female,1.0,1,3.0,0,C,0,Mrs,3,0.36868072
369,0,0,7.75,,True,29.759611,2.0,female,1.0,1,3.0,0,Q,1,Miss,1,0.36868072
370,0,0,69.3,24.0,False,24.0,2.0,female,1.0,1,1.0,1,C,0,Mrs,3,0.29630563
371,1,0,55.4417,25.0,True,25.0,2.0,male,1.0,0,1.0,1,C,0,Mr,2,0.3088716
372,1,0,6.4958,18.0,False,18.0,2.0,male,0.0,0,3.0,0,S,2,Mr,2,0.22090977
373,0,0,8.05,19.0,False,19.0,2.0,male,0.0,0,3.0,0,S,2,Mr,2,0.23347574
374,0,0,135.6333,22.0,True,22.0,2.0,male,0.0,0,1.0,1,C,0,Mr,2,0.2711737
375,3,1,21.075,3.0,False,3.0,0.0,female,0.0,1,3.0,0,S,2,Miss,1,0.032420207
376,1,0,82.1708,,True,29.759611,2.0,female,1.0,1,1.0,1,C,0,Mrs,3,0.36868072
377,0,0,7.25,22.0,True,22.0,2.0,female,1.0,1,3.0,0,S,2,Miss,1,0.2711737
378,0,2,211.5,27.0,False,27.0,2.0,male,0.0,0,1.0,1,C,0,Mr,2,0.33400354
379,0,0,4.0125,20.0,True,20.0,2.0,male,0.0,0,3.0,0,C,0,Mr,2,0.24604173
380,0,0,7.775,19.0,True,19.0,2.0,male,0.0,0,3.0,0,S,2,Mr,2,0.23347574
381,0,0,227.525,42.0,True,42.0,4.0,female,1.0,1,1.0,1,C,0,Miss,1,0.5224931
382,0,2,15.7417,1.0,True,1.0,0.0,female,1.0,1,3.0,0,C,0,Miss,1,0.0072882636
383,0,0,7.925,32.0,True,32.0,3.0,male,0.0,0,3.0,0,S,2,Mr,2,0.3968334
384,1,0,52.0,35.0,True,35.0,3.0,female,1.0,1,1.0,1,S,2,Mrs,3,0.4345313
385,0,0,7.8958,,True,29.759611,2.0,male,0.0,0,3.0,0,S,2,Mr,2,0.36868072
386,0,0,73.5,18.0,True,18.0,2.0,male,0.0,0,2.0,2,S,2,Mr,2,0.22090977
387,5,2,46.9,1.0,True,1.0,0.0,male,0.0,0,3.0,0,S,2,Master,0,0.0072882636
388,0,0,13.0,36.0,True,36.0,3.0,female,1.0,1,2.0,2,S,2,Miss,1,0.44709727
389,0,0,7.7292,,True,29.759611,2.0,male,0.0,0,3.0,0,Q,1,Mr,2,0.36868072
390,0,0,12.0,17.0,True,17.0,1.0,female,1.0,1,2.0,2,C,0,Miss,1,0.2083438
391,1,2,120.0,36.0,True,36.0,3.0,male,1.0,0,1.0,1,S,2,Mr,2,0.44709727
392,0,0,7.7958,21.0,True,21.0,2.0,male,1.0,0,3.0,0,S,2,Mr,2,0.25860772
393,2,0,7.925,28.0,True,28.0,2.0,male,0.0,0,3.0,0,S,2,Mr,2,0.3465695
394,1,0,113.275,23.0,True,23.0,2.0,female,1.0,1,1.0,1,C,0,Miss,1,0.28373966
395,0,2,16.7,24.0,True,24.0,2.0,female,1.0,1,3.0,0,S,2,Mrs,3,0.29630563
396,0,0,7.7958,22.0,True,22.0,2.0,male,0.0,0,3.0,0,S,2,Mr,2,0.2711737
397,0,0,7.8542,31.0,True,31.0,3.0,female,0.0,1,3.0,0,S,2,Miss,1,0.38426742
398,0,0,26.0,46.0,True,46.0,4.0,male,0.0,0,2.0,2,S,2,Mr,2,0.572757
399,0,0,10.5,23.0,True,23.0,2.0,male,0.0,0,2.0,2,S,2,Others,4,0.28373966
400,0,0,12.65,28.0,True,28.0,2.0,female,1.0,1,2.0,2,S,2,Mrs,3,0.3465695
401,0,0,7.925,39.0,True,39.0,3.0,male,1.0,0,3.0,0,S,2,Mr,2,0.48479518
402,0,0,8.05,26.0,True,26.0,2.0,male,0.0,0,3.0,0,S,2,Mr,2,0.32143757
403,1,0,9.825,21.0,True,21.0,2.0,female,0.0,1,3.0,0,S,2,Miss,1,0.25860772
404,1,0,15.85,28.0,True,28.0,2.0,male,0.0,0,3.0,0,S,2,Mr,2,0.3465695
405,0,0,8.6625,20.0,True,20.0,2.0,female,0.0,1,3.0,0,S,2,Miss,1,0.24604173
406,1,0,21.0,34.0,True,34.0,3.0,male,0.0,0,2.0,2,S,2,Mr,2,0.42196533
407,0,0,7.75,51.0,True,51.0,4.0,male,0.0,0,3.0,0,S,2,Mr,2,0.63558686
408,1,1,18.75,3.0,False,3.0,0.0,male,1.0,0,2.0,2,S,2,Master,0,0.032420207
409,0,0,7.775,21.0,True,21.0,2.0,male,0.0,0,3.0,0,S,2,Mr,2,0.25860772
410,3,1,25.4667,,False,29.759611,2.0,female,0.0,1,3.0,0,S,2,Miss,1,0.36868072
411,0,0,7.8958,,True,29.759611,2.0,male,0.0,0,3.0,0,S,2,Mr,2,0.36868072
412,0,0,6.8583,,True,29.759611,2.0,male,0.0,0,3.0,0,Q,1,Mr,2,0.36868072
413,1,0,90.0,33.0,True,33.0,3.0,female,1.0,1,1.0,1,Q,1,Miss,1,0.40939936
414,0,0,0.0,,True,29.759611,2.0,male,0.0,0,2.0,2,S,2,Mr,2,0.36868072
415,0,0,7.925,44.0,True,44.0,4.0,male,1.0,0,3.0,0,S,2,Mr,2,0.54762506
416,0,0,8.05,,True,29.759611,2.0,female,0.0,1,3.0,0,S,2,Mrs,3,0.36868072
417,1,1,32.5,34.0,True,34.0,3.0,female,1.0,1,2.0,2,S,2,Mrs,3,0.42196533
418,0,2,13.0,18.0,True,18.0,2.0,female,1.0,1,2.0,2,S,2,Miss,1,0.22090977
419,0,0,13.0,30.0,True,30.0,3.0,male,0.0,0,2.0,2,S,2,Mr,2,0.37170145
420,0,2,24.15,10.0,True,10.0,1.0,female,0.0,1,3.0,0,S,2,Miss,1,0.12038201
421,0,0,7.8958,,True,29.759611,2.0,male,0.0,0,3.0,0,C,0,Mr,2,0.36868072
422,0,0,7.7333,21.0,True,21.0,2.0,male,0.0,0,3.0,0,Q,1,Mr,2,0.25860772
423,0,0,7.875,29.0,False,29.0,2.0,male,0.0,0,3.0,0,S,2,Mr,2,0.35913548
424,1,1,14.4,28.0,True,28.0,2.0,female,0.0,1,3.0,0,S,2,Mrs,3,0.3465695
425,1,1,20.2125,18.0,False,18.0,2.0,male,0.0,0,3.0,0,S,2,Mr,2,0.22090977
426,0,0,7.25,,True,29.759611,2.0,male,0.0,0,3.0,0,S,2,Mr,2,0.36868072
427,1,0,26.0,28.0,True,28.0,2.0,female,1.0,1,2.0,2,S,2,Mrs,3,0.3465695
428,0,0,26.0,19.0,True,19.0,2.0,female,1.0,1,2.0,2,S,2,Miss,1,0.23347574
429,0,0,7.75,,True,29.759611,2.0,male,0.0,0,3.0,0,Q,1,Mr,2,0.36868072
430,0,0,8.05,32.0,True,32.0,3.0,male,1.0,0,3.0,0,S,2,Mr,2,0.3968334
431,0,0,26.55,28.0,True,28.0,2.0,male,1.0,0,1.0,1,S,2,Mr,2,0.3465695
432,1,0,16.1,,True,29.759611,2.0,female,1.0,1,3.0,0,S,2,Mrs,3,0.36868072
433,1,0,26.0,42.0,True,42.0,4.0,female,1.0,1,2.0,2,S,2,Mrs,3,0.5224931
434,0,0,7.125,17.0,True,17.0,1.0,male,0.0,0,3.0,0,S,2,Mr,2,0.2083438
435,1,0,55.9,50.0,False,50.0,4.0,male,0.0,0,1.0,1,S,2,Mr,2,0.6230209
436,1,2,120.0,14.0,True,14.0,1.0,female,1.0,1,1.0,1,S,2,Miss,1,0.1706459
437,2,2,34.375,21.0,False,21.0,2.0,female,0.0,1,3.0,0,S,2,Miss,1,0.25860772
438,2,3,18.75,24.0,True,24.0,2.0,female,1.0,1,2.0,2,S,2,Mrs,3,0.29630563
439,1,4,263.0,64.0,True,64.0,4.0,male,0.0,0,1.0,1,S,2,Mr,2,0.7989445
440,0,0,10.5,31.0,False,31.0,3.0,male,0.0,0,2.0,2,S,2,Mr,2,0.38426742
441,1,1,26.25,45.0,False,45.0,4.0,female,1.0,1,2.0,2,S,2,Mrs,3,0.56019104
442,0,0,9.5,20.0,True,20.0,2.0,male,0.0,0,3.0,0,S,2,Mr,2,0.24604173
443,1,0,7.775,25.0,True,25.0,2.0,male,0.0,0,3.0,0,S,2,Mr,2,0.3088716
444,0,0,13.0,28.0,True,28.0,2.0,female,1.0,1,2.0,2,S,2,Miss,1,0.3465695
445,0,0,8.1125,,True,29.759611,2.0,male,1.0,0,3.0,0,S,2,Mr,2,0.36868072
446,0,2,81.8583,4.0,True,4.0,0.0,male,1.0,0,1.0,1,S,2,Master,0,0.044986177
447,0,1,19.5,13.0,True,13.0,1.0,female,1.0,1,2.0,2,S,2,Miss,1,0.15807992
448,0,0,26.55,34.0,True,34.0,3.0,male,1.0,0,1.0,1,S,2,Mr,2,0.42196533
449,2,1,19.2583,5.0,True,5.0,0.0,female,1.0,1,3.0,0,C,0,Miss,1,0.05755215
450,0,0,30.5,52.0,False,52.0,4.0,male,1.0,0,1.0,1,S,2,Others,4,0.6481528
451,1,2,27.75,36.0,True,36.0,3.0,male,0.0,0,2.0,2,S,2,Mr,2,0.44709727
452,1,0,19.9667,,True,29.759611,2.0,male,0.0,0,3.0,0,S,2,Mr,2,0.36868072
453,0,0,27.75,30.0,True,30.0,3.0,male,0.0,0,1.0,1,C,0,Mr,2,0.37170145
454,1,0,89.1042,49.0,True,49.0,4.0,male,1.0,0,1.0,1,C,0,Mr,2,0.6104549
455,0,0,8.05,,True,29.759611,2.0,male,0.0,0,3.0,0,S,2,Mr,2,0.36868072
456,0,0,7.8958,29.0,True,29.0,2.0,male,1.0,0,3.0,0,C,0,Mr,2,0.35913548
457,0,0,26.55,65.0,False,65.0,5.0,male,0.0,0,1.0,1,S,2,Mr,2,0.81151044
458,1,0,51.8625,,True,29.759611,2.0,female,1.0,1,1.0,1,S,2,Mrs,3,0.36868072
459,0,0,10.5,50.0,False,50.0,4.0,female,1.0,1,2.0,2,S,2,Miss,1,0.6230209
460,0,0,7.75,,True,29.759611,2.0,male,0.0,0,3.0,0,Q,1,Mr,2,0.36868072
461,0,0,26.55,48.0,True,48.0,4.0,male,1.0,0,1.0,1,S,2,Mr,2,0.59788895
462,0,0,8.05,34.0,True,34.0,3.0,male,0.0,0,3.0,0,S,2,Mr,2,0.42196533
463,0,0,38.5,47.0,True,47.0,4.0,male,0.0,0,1.0,1,S,2,Mr,2,0.585323
464,0,0,13.0,48.0,True,48.0,4.0,male,0.0,0,2.0,2,S,2,Mr,2,0.59788895
465,0,0,8.05,,True,29.759611,2.0,male,0.0,0,3.0,0,S,2,Mr,2,0.36868072
466,0,0,7.05,38.0,True,38.0,3.0,male,0.0,0,3.0,0,S,2,Mr,2,0.4722292
467,0,0,0.0,,True,29.759611,2.0,male,0.0,0,2.0,2,S,2,Mr,2,0.36868072
468,0,0,26.55,56.0,True,56.0,4.0,male,0.0,0,1.0,1,S,2,Mr,2,0.6984167
469,0,0,7.725,,True,29.759611,2.0,male,0.0,0,3.0,0,Q,1,Mr,2,0.36868072
470,2,1,19.2583,0.75,True,0.75,0.0,female,1.0,1,3.0,0,C,0,Miss,1,0.004146771
471,0,0,7.25,,False,29.759611,2.0,male,0.0,0,3.0,0,S,2,Mr,2,0.36868072
472,0,0,8.6625,38.0,True,38.0,3.0,male,0.0,0,3.0,0,S,2,Mr,2,0.4722292
473,1,2,27.75,33.0,False,33.0,3.0,female,1.0,1,2.0,2,S,2,Mrs,3,0.40939936
474,0,0,13.7917,23.0,True,23.0,2.0,female,1.0,1,2.0,2,C,0,Mrs,3,0.28373966
475,0,0,9.8375,22.0,True,22.0,2.0,female,0.0,1,3.0,0,S,2,Miss,1,0.2711737
476,0,0,52.0,,True,29.759611,2.0,male,0.0,0,1.0,1,S,2,Mr,2,0.36868072
477,1,0,21.0,34.0,False,34.0,3.0,male,0.0,0,2.0,2,S,2,Mr,2,0.42196533
478,1,0,7.0458,29.0,True,29.0,2.0,male,0.0,0,3.0,0,S,2,Mr,2,0.35913548
479,0,0,7.5208,22.0,True,22.0,2.0,male,0.0,0,3.0,0,S,2,Mr,2,0.2711737
480,0,1,12.2875,2.0,True,2.0,0.0,female,1.0,1,3.0,0,S,2,Miss,1,0.019854235
481,5,2,46.9,9.0,True,9.0,0.0,male,0.0,0,3.0,0,S,2,Master,0,0.10781603
482,0,0,0.0,,True,29.759611,2.0,male,0.0,0,2.0,2,S,2,Mr,2,0.36868072
483,0,0,8.05,50.0,True,50.0,4.0,male,0.0,0,3.0,0,S,2,Mr,2,0.6230209
484,0,0,9.5875,63.0,True,63.0,4.0,female,1.0,1,3.0,0,S,2,Mrs,3,0.7863785
485,1,0,91.0792,25.0,True,25.0,2.0,male,1.0,0,1.0,1,C,0,Mr,2,0.3088716
486,3,1,25.4667,,True,29.759611,2.0,female,0.0,1,3.0,0,S,2,Miss,1,0.36868072
487,1,0,90.0,35.0,False,35.0,3.0,female,1.0,1,1.0,1,S,2,Mrs,3,0.4345313
488,0,0,29.7,58.0,True,58.0,4.0,male,0.0,0,1.0,1,C,0,Mr,2,0.72354865
489,0,0,8.05,30.0,True,30.0,3.0,male,0.0,0,3.0,0,S,2,Mr,2,0.37170145
490,1,1,15.9,9.0,True,9.0,0.0,male,1.0,0,3.0,0,S,2,Master,0,0.10781603
491,1,0,19.9667,,True,29.759611,2.0,male,0.0,0,3.0,0,S,2,Mr,2,0.36868072
492,0,0,7.25,21.0,True,21.0,2.0,male,0.0,0,3.0,0,S,2,Mr,2,0.25860772
493,0,0,30.5,55.0,True,55.0,4.0,male,0.0,0,1.0,1,S,2,Mr,2,0.68585074
494,0,0,49.5042,71.0,True,71.0,5.0,male,0.0,0,1.0,1,C,0,Mr,2,0.88690627
495,0,0,8.05,21.0,True,21.0,2.0,male,0.0,0,3.0,0,S,2,Mr,2,0.25860772
496,0,0,14.4583,,True,29.759611,2.0,male,0.0,0,3.0,0,C,0,Mr,2,0.36868072
497,1,0,78.2667,54.0,True,54.0,4.0,female,1.0,1,1.0,1,C,0,Miss,1,0.67328477
498,0,0,15.1,,False,29.759611,2.0,male,0.0,0,3.0,0,S,2,Mr,2,0.36868072
499,1,2,151.55,25.0,True,25.0,2.0,female,0.0,1,1.0,1,S,2,Mrs,3,0.3088716
500,0,0,7.7958,24.0,True,24.0,2.0,male,0.0,0,3.0,0,S,2,Mr,2,0.29630563
501,0,0,8.6625,17.0,True,17.0,1.0,male,0.0,0,3.0,0,S,2,Mr,2,0.2083438
502,0,0,7.75,21.0,True,21.0,2.0,female,0.0,1,3.0,0,Q,1,Miss,1,0.25860772
503,0,0,7.6292,,True,29.759611,2.0,female,0.0,1,3.0,0,Q,1,Miss,1,0.36868072
504,0,0,9.5875,37.0,True,37.0,3.0,female,0.0,1,3.0,0,S,2,Miss,1,0.45966324
505,0,0,86.5,16.0,True,16.0,1.0,female,1.0,1,1.0,1,S,2,Miss,1,0.19577783
506,1,0,108.9,18.0,True,18.0,2.0,male,0.0,0,1.0,1,C,0,Mr,2,0.22090977
507,0,2,26.0,33.0,True,33.0,3.0,female,1.0,1,2.0,2,S,2,Mrs,3,0.40939936
508,0,0,26.55,,True,29.759611,2.0,male,1.0,0,1.0,1,S,2,Mr,2,0.36868072
509,0,0,22.525,28.0,True,28.0,2.0,male,0.0,0,3.0,0,S,2,Mr,2,0.3465695
510,0,0,56.4958,26.0,True,26.0,2.0,male,1.0,0,3.0,0,S,2,Mr,2,0.32143757
511,0,0,7.75,29.0,True,29.0,2.0,male,1.0,0,3.0,0,Q,1,Mr,2,0.35913548
512,0,0,8.05,,True,29.759611,2.0,male,0.0,0,3.0,0,S,2,Mr,2,0.36868072
513,0,0,26.2875,36.0,True,36.0,3.0,male,1.0,0,1.0,1,S,2,Mr,2,0.44709727
514,1,0,59.4,54.0,True,54.0,4.0,female,1.0,1,1.0,1,C,0,Mrs,3,0.67328477
515,0,0,7.4958,24.0,False,24.0,2.0,male,0.0,0,3.0,0,S,2,Mr,2,0.29630563
516,0,0,34.0208,47.0,False,47.0,4.0,male,0.0,0,1.0,1,S,2,Mr,2,0.585323
517,0,0,10.5,34.0,True,34.0,3.0,female,1.0,1,2.0,2,S,2,Mrs,3,0.42196533
518,0,0,24.15,,True,29.759611,2.0,male,0.0,0,3.0,0,Q,1,Mr,2,0.36868072
519,1,0,26.0,36.0,True,36.0,3.0,female,1.0,1,2.0,2,S,2,Mrs,3,0.44709727
520,0,0,7.8958,32.0,True,32.0,3.0,male,0.0,0,3.0,0,S,2,Mr,2,0.3968334
521,0,0,93.5,30.0,True,30.0,3.0,female,1.0,1,1.0,1,S,2,Miss,1,0.37170145
522,0,0,7.8958,22.0,True,22.0,2.0,male,0.0,0,3.0,0,S,2,Mr,2,0.2711737
523,0,0,7.225,,True,29.759611,2.0,male,0.0,0,3.0,0,C,0,Mr,2,0.36868072
524,0,1,57.9792,44.0,True,44.0,4.0,female,1.0,1,1.0,1,C,0,Mrs,3,0.54762506
525,0,0,7.2292,,True,29.759611,2.0,male,0.0,0,3.0,0,C,0,Mr,2,0.36868072
526,0,0,7.75,40.5,True,40.5,4.0,male,0.0,0,3.0,0,Q,1,Mr,2,0.50364417
527,0,0,10.5,50.0,True,50.0,4.0,female,1.0,1,2.0,2,S,2,Miss,1,0.6230209
528,0,0,221.7792,,True,29.759611,2.0,male,0.0,0,1.0,1,S,2,Mr,2,0.36868072
529,0,0,7.925,39.0,False,39.0,3.0,male,0.0,0,3.0,0,S,2,Mr,2,0.48479518
530,2,1,11.5,23.0,True,23.0,2.0,male,0.0,0,2.0,2,S,2,Mr,2,0.28373966
531,1,1,26.0,2.0,True,2.0,0.0,female,1.0,1,2.0,2,S,2,Miss,1,0.019854235
532,0,0,7.2292,,True,29.759611,2.0,male,0.0,0,3.0,0,C,0,Mr,2,0.36868072
533,1,1,7.2292,17.0,True,17.0,1.0,male,0.0,0,3.0,0,C,0,Mr,2,0.2083438
534,0,2,22.3583,,True,29.759611,2.0,female,1.0,1,3.0,0,C,0,Mrs,3,0.36868072
535,0,0,8.6625,30.0,True,30.0,3.0,female,0.0,1,3.0,0,S,2,Miss,1,0.37170145
536,0,2,26.25,7.0,True,7.0,0.0,female,1.0,1,2.0,2,S,2,Miss,1,0.08268409
537,0,0,26.55,45.0,True,45.0,4.0,male,0.0,0,1.0,1,S,2,Others,4,0.56019104
538,0,0,106.425,30.0,True,30.0,3.0,female,1.0,1,1.0,1,C,0,Miss,1,0.37170145
539,0,0,14.5,,True,29.759611,2.0,male,0.0,0,3.0,0,S,2,Mr,2,0.36868072
540,0,2,49.5,22.0,True,22.0,2.0,female,1.0,1,1.0,1,C,0,Miss,1,0.2711737
541,0,2,71.0,36.0,True,36.0,3.0,female,1.0,1,1.0,1,S,2,Miss,1,0.44709727
542,4,2,31.275,9.0,True,9.0,0.0,female,0.0,1,3.0,0,S,2,Miss,1,0.10781603
543,4,2,31.275,11.0,True,11.0,1.0,female,0.0,1,3.0,0,S,2,Miss,1,0.13294798
544,1,0,26.0,32.0,True,32.0,3.0,male,1.0,0,2.0,2,S,2,Mr,2,0.3968334
545,1,0,106.425,50.0,True,50.0,4.0,male,0.0,0,1.0,1,C,0,Mr,2,0.6230209
546,0,0,26.0,64.0,True,64.0,4.0,male,0.0,0,1.0,1,S,2,Mr,2,0.7989445
547,1,0,26.0,19.0,True,19.0,2.0,female,1.0,1,2.0,2,S,2,Mrs,3,0.23347574
548,0,0,13.8625,,True,29.759611,2.0,male,1.0,0,2.0,2,C,0,Mr,2,0.36868072
549,1,1,20.525,33.0,True,33.0,3.0,male,0.0,0,3.0,0,S,2,Mr,2,0.40939936
550,1,1,36.75,8.0,True,8.0,0.0,male,1.0,0,2.0,2,S,2,Master,0,0.09525006
551,0,2,110.8833,17.0,True,17.0,1.0,male,1.0,0,1.0,1,C,0,Mr,2,0.2083438
552,0,0,26.0,27.0,True,27.0,2.0,male,0.0,0,2.0,2,S,2,Mr,2,0.33400354
553,0,0,7.8292,,True,29.759611,2.0,male,0.0,0,3.0,0,Q,1,Mr,2,0.36868072
554,0,0,7.225,22.0,True,22.0,2.0,male,1.0,0,3.0,0,C,0,Mr,2,0.2711737
555,0,0,7.775,22.0,True,22.0,2.0,female,1.0,1,3.0,0,S,2,Miss,1,0.2711737
556,0,0,26.55,62.0,True,62.0,4.0,male,0.0,0,1.0,1,S,2,Mr,2,0.77381253
557,1,0,39.6,48.0,True,48.0,4.0,female,1.0,1,1.0,1,C,0,Others,4,0.59788895
558,0,0,227.525,,False,29.759611,2.0,male,0.0,0,1.0,1,C,0,Mr,2,0.36868072
559,1,1,79.65,39.0,True,39.0,3.0,female,1.0,1,1.0,1,S,2,Mrs,3,0.48479518
560,1,0,17.4,36.0,True,36.0,3.0,female,1.0,1,3.0,0,S,2,Mrs,3,0.44709727
561,0,0,7.75,,True,29.759611,2.0,male,0.0,0,3.0,0,Q,1,Mr,2,0.36868072
562,0,0,7.8958,40.0,True,40.0,4.0,male,0.0,0,3.0,0,S,2,Mr,2,0.49736118
563,0,0,13.5,28.0,True,28.0,2.0,male,0.0,0,2.0,2,S,2,Mr,2,0.3465695
564,0,0,8.05,,False,29.759611,2.0,male,0.0,0,3.0,0,S,2,Mr,2,0.36868072
565,0,0,8.05,,True,29.759611,2.0,female,0.0,1,3.0,0,S,2,Miss,1,0.36868072
566,2,0,24.15,24.0,True,24.0,2.0,male,0.0,0,3.0,0,S,2,Mr,2,0.29630563
567,0,0,7.8958,19.0,True,19.0,2.0,male,0.0,0,3.0,0,S,2,Mr,2,0.23347574
568,0,4,21.075,29.0,True,29.0,2.0,female,0.0,1,3.0,0,S,2,Mrs,3,0.35913548
569,0,0,7.2292,,True,29.759611,2.0,male,0.0,0,3.0,0,C,0,Mr,2,0.36868072
570,0,0,7.8542,32.0,True,32.0,3.0,male,1.0,0,3.0,0,S,2,Mr,2,0.3968334
571,0,0,10.5,62.0,True,62.0,4.0,male,1.0,0,2.0,2,S,2,Mr,2,0.77381253
572,2,0,51.4792,53.0,True,53.0,4.0,female,1.0,1,1.0,1,S,2,Mrs,3,0.6607188
573,0,0,26.3875,36.0,True,36.0,3.0,male,1.0,0,1.0,1,S,2,Mr,2,0.44709727
574,0,0,7.75,,True,29.759611,2.0,female,1.0,1,3.0,0,Q,1,Miss,1,0.36868072
575,0,0,8.05,16.0,True,16.0,1.0,male,0.0,0,3.0,0,S,2,Mr,2,0.19577783
576,0,0,14.5,19.0,True,19.0,2.0,male,0.0,0,3.0,0,S,2,Mr,2,0.23347574
577,0,0,13.0,34.0,True,34.0,3.0,female,1.0,1,2.0,2,S,2,Miss,1,0.42196533
578,1,0,55.9,39.0,True,39.0,3.0,female,1.0,1,1.0,1,S,2,Mrs,3,0.48479518
579,1,0,14.4583,,True,29.759611,2.0,female,0.0,1,3.0,0,C,0,Mrs,3,0.36868072
580,0,0,7.925,32.0,True,32.0,3.0,male,1.0,0,3.0,0,S,2,Mr,2,0.3968334
581,1,1,30.0,25.0,True,25.0,2.0,female,1.0,1,2.0,2,S,2,Miss,1,0.3088716
582,1,1,110.8833,39.0,True,39.0,3.0,female,1.0,1,1.0,1,C,0,Mrs,3,0.48479518
583,0,0,26.0,54.0,True,54.0,4.0,male,0.0,0,2.0,2,S,2,Mr,2,0.67328477
584,0,0,40.125,36.0,True,36.0,3.0,male,0.0,0,1.0,1,C,0,Mr,2,0.44709727
585,0,0,8.7125,,True,29.759611,2.0,male,0.0,0,3.0,0,C,0,Mr,2,0.36868072
586,0,2,79.65,18.0,True,18.0,2.0,female,1.0,1,1.0,1,S,2,Miss,1,0.22090977
587,0,0,15.0,47.0,False,47.0,4.0,male,0.0,0,2.0,2,S,2,Mr,2,0.585323
588,1,1,79.2,60.0,True,60.0,4.0,male,1.0,0,1.0,1,C,0,Mr,2,0.7486806
589,0,0,8.05,22.0,True,22.0,2.0,male,0.0,0,3.0,0,S,2,Mr,2,0.2711737
590,0,0,8.05,,True,29.759611,2.0,male,0.0,0,3.0,0,S,2,Mr,2,0.36868072
591,0,0,7.125,35.0,True,35.0,3.0,male,0.0,0,3.0,0,S,2,Mr,2,0.4345313
592,1,0,78.2667,52.0,True,52.0,4.0,female,1.0,1,1.0,1,C,0,Mrs,3,0.6481528
593,0,0,7.25,47.0,True,47.0,4.0,male,0.0,0,3.0,0,S,2,Mr,2,0.585323
594,0,2,7.75,,True,29.759611,2.0,female,0.0,1,3.0,0,Q,1,Miss,1,0.36868072
595,1,0,26.0,37.0,True,37.0,3.0,male,0.0,0,2.0,2,S,2,Mr,2,0.45966324
596,1,1,24.15,36.0,True,36.0,3.0,male,0.0,0,3.0,0,S,2,Mr,2,0.44709727
597,0,0,33.0,,True,29.759611,2.0,female,1.0,1,2.0,2,S,2,Miss,1,0.36868072
598,0,0,0.0,49.0,True,49.0,4.0,male,0.0,0,3.0,0,S,2,Mr,2,0.6104549
599,0,0,7.225,,True,29.759611,2.0,male,0.0,0,3.0,0,C,0,Mr,2,0.36868072
600,1,0,56.9292,49.0,False,49.0,4.0,male,1.0,0,1.0,1,C,0,Others,4,0.6104549
601,2,1,27.0,24.0,True,24.0,2.0,female,1.0,1,2.0,2,S,2,Mrs,3,0.29630563
602,0,0,7.8958,,True,29.759611,2.0,male,0.0,0,3.0,0,S,2,Mr,2,0.36868072
603,0,0,42.4,,True,29.759611,2.0,male,0.0,0,1.0,1,S,2,Mr,2,0.36868072
604,0,0,8.05,44.0,False,44.0,4.0,male,0.0,0,3.0,0,S,2,Mr,2,0.54762506
605,0,0,26.55,35.0,True,35.0,3.0,male,1.0,0,1.0,1,C,0,Mr,2,0.4345313
606,1,0,15.55,36.0,True,36.0,3.0,male,0.0,0,3.0,0,S,2,Mr,2,0.44709727
607,0,0,7.8958,30.0,True,30.0,3.0,male,0.0,0,3.0,0,S,2,Mr,2,0.37170145
608,0,0,30.5,27.0,True,27.0,2.0,male,1.0,0,1.0,1,S,2,Mr,2,0.33400354
609,1,2,41.5792,22.0,True,22.0,2.0,female,1.0,1,2.0,2,C,0,Mrs,3,0.2711737
610,0,0,153.4625,40.0,True,40.0,4.0,female,1.0,1,1.0,1,S,2,Miss,1,0.49736118
611,1,5,31.275,39.0,False,39.0,3.0,female,0.0,1,3.0,0,S,2,Mrs,3,0.48479518
612,0,0,7.05,,True,29.759611,2.0,male,0.0,0,3.0,0,S,2,Mr,2,0.36868072
613,1,0,15.5,,True,29.759611,2.0,female,1.0,1,3.0,0,Q,1,Miss,1,0.36868072
614,0,0,7.75,,False,29.759611,2.0,male,0.0,0,3.0,0,Q,1,Mr,2,0.36868072
615,0,0,8.05,35.0,True,35.0,3.0,male,0.0,0,3.0,0,S,2,Mr,2,0.4345313
616,1,2,65.0,24.0,True,24.0,2.0,female,1.0,1,2.0,2,S,2,Miss,1,0.29630563
617,1,1,14.4,34.0,False,34.0,3.0,male,0.0,0,3.0,0,S,2,Mr,2,0.42196533
618,1,0,16.1,26.0,True,26.0,2.0,female,0.0,1,3.0,0,S,2,Mrs,3,0.32143757
619,2,1,39.0,4.0,True,4.0,0.0,female,1.0,1,2.0,2,S,2,Miss,1,0.044986177
620,0,0,10.5,26.0,True,26.0,2.0,male,0.0,0,2.0,2,S,2,Mr,2,0.32143757
621,1,0,14.4542,27.0,True,27.0,2.0,male,0.0,0,3.0,0,C,0,Mr,2,0.33400354
622,1,0,52.5542,42.0,True,42.0,4.0,male,1.0,0,1.0,1,S,2,Mr,2,0.5224931
623,1,1,15.7417,20.0,True,20.0,2.0,male,1.0,0,3.0,0,C,0,Mr,2,0.24604173
624,0,0,7.8542,21.0,True,21.0,2.0,male,0.0,0,3.0,0,S,2,Mr,2,0.25860772
625,0,0,16.1,21.0,True,21.0,2.0,male,0.0,0,3.0,0,S,2,Mr,2,0.25860772
626,0,0,32.3208,61.0,True,61.0,4.0,male,0.0,0,1.0,1,S,2,Mr,2,0.76124656
627,0,0,12.35,57.0,True,57.0,4.0,male,0.0,0,2.0,2,Q,1,Others,4,0.7109827
628,0,0,77.9583,21.0,True,21.0,2.0,female,1.0,1,1.0,1,S,2,Miss,1,0.25860772
629,0,0,7.8958,26.0,False,26.0,2.0,male,0.0,0,3.0,0,S,2,Mr,2,0.32143757
630,0,0,7.7333,,True,29.759611,2.0,male,0.0,0,3.0,0,Q,1,Mr,2,0.36868072
631,0,0,30.0,80.0,True,80.0,5.0,male,1.0,0,1.0,1,S,2,Mr,2,1.0
632,0,0,7.0542,51.0,True,51.0,4.0,male,0.0,0,3.0,0,S,2,Mr,2,0.63558686
633,0,0,30.5,32.0,True,32.0,3.0,male,1.0,0,1.0,1,C,0,Others,4,0.3968334
634,0,0,0.0,,True,29.759611,2.0,male,0.0,0,1.0,1,S,2,Mr,2,0.36868072
635,3,2,27.9,9.0,True,9.0,0.0,female,0.0,1,3.0,0,S,2,Miss,1,0.10781603
636,0,0,13.0,28.0,True,28.0,2.0,female,1.0,1,2.0,2,S,2,Miss,1,0.3465695
637,0,0,7.925,32.0,True,32.0,3.0,male,0.0,0,3.0,0,S,2,Mr,2,0.3968334
638,1,1,26.25,31.0,True,31.0,3.0,male,0.0,0,2.0,2,S,2,Mr,2,0.38426742
639,0,5,39.6875,41.0,True,41.0,4.0,female,0.0,1,3.0,0,S,2,Mrs,3,0.50992715
640,1,0,16.1,,True,29.759611,2.0,male,0.0,0,3.0,0,S,2,Mr,2,0.36868072
641,0,0,7.8542,20.0,False,20.0,2.0,male,0.0,0,3.0,0,S,2,Mr,2,0.24604173
642,0,0,69.3,24.0,True,24.0,2.0,female,1.0,1,1.0,1,C,0,Miss,1,0.29630563
643,3,2,27.9,2.0,True,2.0,0.0,female,0.0,1,3.0,0,S,2,Miss,1,0.019854235
644,0,0,56.4958,,True,29.759611,2.0,male,1.0,0,3.0,0,S,2,Mr,2,0.36868072
645,2,1,19.2583,0.75,True,0.75,0.0,female,1.0,1,3.0,0,C,0,Miss,1,0.004146771
646,1,0,76.7292,48.0,True,48.0,4.0,male,1.0,0,1.0,1,C,0,Mr,2,0.59788895
647,0,0,7.8958,19.0,True,19.0,2.0,male,0.0,0,3.0,0,S,2,Mr,2,0.23347574
648,0,0,35.5,56.0,True,56.0,4.0,male,1.0,0,1.0,1,C,0,Others,4,0.6984167
649,0,0,7.55,,True,29.759611,2.0,male,0.0,0,3.0,0,S,2,Mr,2,0.36868072
650,0,0,7.55,23.0,True,23.0,2.0,female,1.0,1,3.0,0,S,2,Miss,1,0.28373966
651,0,0,7.8958,,False,29.759611,2.0,male,0.0,0,3.0,0,S,2,Mr,2,0.36868072
652,0,1,23.0,18.0,True,18.0,2.0,female,1.0,1,2.0,2,S,2,Miss,1,0.22090977
653,0,0,8.4333,21.0,True,21.0,2.0,male,0.0,0,3.0,0,S,2,Mr,2,0.25860772
654,0,0,7.8292,,True,29.759611,2.0,female,1.0,1,3.0,0,Q,1,Miss,1,0.36868072
655,0,0,6.75,18.0,True,18.0,2.0,female,0.0,1,3.0,0,Q,1,Miss,1,0.22090977
656,2,0,73.5,24.0,True,24.0,2.0,male,0.0,0,2.0,2,S,2,Mr,2,0.29630563
657,0,0,7.8958,,True,29.759611,2.0,male,0.0,0,3.0,0,S,2,Mr,2,0.36868072
658,1,1,15.5,32.0,True,32.0,3.0,female,0.0,1,3.0,0,Q,1,Mrs,3,0.3968334
659,0,0,13.0,23.0,True,23.0,2.0,male,0.0,0,2.0,2,S,2,Mr,2,0.28373966
660,0,2,113.275,58.0,True,58.0,4.0,male,0.0,0,1.0,1,C,0,Mr,2,0.72354865
661,2,0,133.65,50.0,True,50.0,4.0,male,1.0,0,1.0,1,S,2,Others,4,0.6230209
662,0,0,7.225,40.0,True,40.0,4.0,male,0.0,0,3.0,0,C,0,Mr,2,0.49736118
663,0,0,25.5875,47.0,True,47.0,4.0,male,0.0,0,1.0,1,S,2,Mr,2,0.585323
664,0,0,7.4958,36.0,True,36.0,3.0,male,0.0,0,3.0,0,S,2,Mr,2,0.44709727
665,1,0,7.925,20.0,True,20.0,2.0,male,1.0,0,3.0,0,S,2,Mr,2,0.24604173
666,2,0,73.5,32.0,True,32.0,3.0,male,0.0,0,2.0,2,S,2,Mr,2,0.3968334
667,0,0,13.0,25.0,True,25.0,2.0,male,0.0,0,2.0,2,S,2,Mr,2,0.3088716
668,0,0,7.775,,True,29.759611,2.0,male,0.0,0,3.0,0,S,2,Mr,2,0.36868072
669,0,0,8.05,43.0,True,43.0,4.0,male,0.0,0,3.0,0,S,2,Mr,2,0.5350591
670,1,0,52.0,,True,29.759611,2.0,female,1.0,1,1.0,1,S,2,Mrs,3,0.36868072
671,1,1,39.0,40.0,True,40.0,4.0,female,1.0,1,2.0,2,S,2,Mrs,3,0.49736118
672,1,0,52.0,31.0,True,31.0,3.0,male,0.0,0,1.0,1,S,2,Mr,2,0.38426742
673,0,0,10.5,70.0,False,70.0,5.0,male,0.0,0,2.0,2,S,2,Mr,2,0.8743403
674,0,0,13.0,31.0,True,31.0,3.0,male,1.0,0,2.0,2,S,2,Mr,2,0.38426742
675,0,0,0.0,,True,29.759611,2.0,male,0.0,0,2.0,2,S,2,Mr,2,0.36868072
676,0,0,7.775,18.0,True,18.0,2.0,male,0.0,0,3.0,0,S,2,Mr,2,0.22090977
677,0,0,8.05,24.5,True,24.5,2.0,male,0.0,0,3.0,0,S,2,Mr,2,0.3025886
678,0,0,9.8417,18.0,True,18.0,2.0,female,1.0,1,3.0,0,S,2,Miss,1,0.22090977
679,1,6,46.9,43.0,True,43.0,4.0,female,0.0,1,3.0,0,S,2,Mrs,3,0.5350591
680,0,1,512.3292,36.0,True,36.0,3.0,male,1.0,0,1.0,1,C,0,Mr,2,0.44709727
681,0,0,8.1375,,True,29.759611,2.0,female,0.0,1,3.0,0,Q,1,Miss,1,0.36868072
682,0,0,76.7292,27.0,True,27.0,2.0,male,1.0,0,1.0,1,C,0,Mr,2,0.33400354
683,0,0,9.225,20.0,True,20.0,2.0,male,0.0,0,3.0,0,S,2,Mr,2,0.24604173
684,5,2,46.9,14.0,True,14.0,1.0,male,0.0,0,3.0,0,S,2,Mr,2,0.1706459
685,1,1,39.0,60.0,True,60.0,4.0,male,0.0,0,2.0,2,S,2,Mr,2,0.7486806
686,1,2,41.5792,25.0,True,25.0,2.0,male,0.0,0,2.0,2,C,0,Mr,2,0.3088716
687,4,1,39.6875,14.0,True,14.0,1.0,male,0.0,0,3.0,0,S,2,Mr,2,0.1706459
688,0,0,10.1708,19.0,True,19.0,2.0,male,0.0,0,3.0,0,S,2,Mr,2,0.23347574
689,0,0,7.7958,18.0,True,18.0,2.0,male,0.0,0,3.0,0,S,2,Mr,2,0.22090977
690,0,1,211.3375,15.0,True,15.0,1.0,female,1.0,1,1.0,1,S,2,Miss,1,0.18321186
691,1,0,57.0,31.0,True,31.0,3.0,male,1.0,0,1.0,1,S,2,Mr,2,0.38426742
692,0,1,13.4167,4.0,True,4.0,0.0,female,1.0,1,3.0,0,C,0,Miss,1,0.044986177
693,0,0,56.4958,,True,29.759611,2.0,male,1.0,0,3.0,0,S,2,Mr,2,0.36868072
694,0,0,7.225,25.0,True,25.0,2.0,male,0.0,0,3.0,0,C,0,Mr,2,0.3088716
695,0,0,26.55,60.0,True,60.0,4.0,male,0.0,0,1.0,1,S,2,Others,4,0.7486806
696,0,0,13.5,52.0,True,52.0,4.0,male,0.0,0,2.0,2,S,2,Mr,2,0.6481528
697,0,0,8.05,44.0,True,44.0,4.0,male,0.0,0,3.0,0,S,2,Mr,2,0.54762506
698,0,0,7.7333,,True,29.759611,2.0,female,1.0,1,3.0,0,Q,1,Miss,1,0.36868072
699,1,1,110.8833,49.0,True,49.0,4.0,male,0.0,0,1.0,1,C,0,Mr,2,0.6104549
700,0,0,7.65,42.0,True,42.0,4.0,male,0.0,0,3.0,0,S,2,Mr,2,0.5224931
701,1,0,227.525,18.0,True,18.0,2.0,female,1.0,1,1.0,1,C,0,Mrs,3,0.22090977
702,0,0,26.2875,35.0,False,35.0,3.0,male,1.0,0,1.0,1,S,2,Mr,2,0.4345313
703,0,1,14.4542,18.0,True,18.0,2.0,female,0.0,1,3.0,0,C,0,Miss,1,0.22090977
704,0,0,7.7417,25.0,True,25.0,2.0,male,0.0,0,3.0,0,Q,1,Mr,2,0.3088716
705,1,0,7.8542,26.0,False,26.0,2.0,male,0.0,0,3.0,0,S,2,Mr,2,0.32143757
706,0,0,26.0,39.0,True,39.0,3.0,male,0.0,0,2.0,2,S,2,Mr,2,0.48479518
707,0,0,13.5,45.0,True,45.0,4.0,female,1.0,1,2.0,2,S,2,Mrs,3,0.56019104
708,0,0,26.2875,42.0,True,42.0,4.0,male,1.0,0,1.0,1,S,2,Mr,2,0.5224931
709,0,0,151.55,22.0,True,22.0,2.0,female,1.0,1,1.0,1,S,2,Miss,1,0.2711737
710,1,1,15.2458,,True,29.759611,2.0,male,1.0,0,3.0,0,C,0,Master,0,0.36868072
711,0,0,49.5042,24.0,True,24.0,2.0,female,1.0,1,1.0,1,C,0,Miss,1,0.29630563
712,0,0,26.55,,True,29.759611,2.0,male,0.0,0,1.0,1,S,2,Mr,2,0.36868072
713,1,0,52.0,48.0,True,48.0,4.0,male,1.0,0,1.0,1,S,2,Mr,2,0.59788895
714,0,0,9.4833,29.0,True,29.0,2.0,male,0.0,0,3.0,0,S,2,Mr,2,0.35913548
715,0,0,13.0,52.0,True,52.0,4.0,male,0.0,0,2.0,2,S,2,Mr,2,0.6481528
716,0,0,7.65,19.0,True,19.0,2.0,male,0.0,0,3.0,0,S,2,Mr,2,0.23347574
717,0,0,227.525,38.0,True,38.0,3.0,female,1.0,1,1.0,1,C,0,Miss,1,0.4722292
718,0,0,10.5,27.0,True,27.0,2.0,female,1.0,1,2.0,2,S,2,Miss,1,0.33400354
719,0,0,15.5,,True,29.759611,2.0,male,0.0,0,3.0,0,Q,1,Mr,2,0.36868072
720,0,0,7.775,33.0,True,33.0,3.0,male,0.0,0,3.0,0,S,2,Mr,2,0.40939936
721,0,1,33.0,6.0,True,6.0,0.0,female,1.0,1,2.0,2,S,2,Miss,1,0.07011812
722,1,0,7.0542,17.0,True,17.0,1.0,male,0.0,0,3.0,0,S,2,Mr,2,0.2083438
723,0,0,13.0,34.0,False,34.0,3.0,male,0.0,0,2.0,2,S,2,Mr,2,0.42196533
724,0,0,13.0,50.0,True,50.0,4.0,male,0.0,0,2.0,2,S,2,Mr,2,0.6230209
725,1,0,53.1,27.0,True,27.0,2.0,male,1.0,0,1.0,1,S,2,Mr,2,0.33400354
726,0,0,8.6625,20.0,True,20.0,2.0,male,0.0,0,3.0,0,S,2,Mr,2,0.24604173
727,3,0,21.0,30.0,True,30.0,3.0,female,1.0,1,2.0,2,S,2,Mrs,3,0.37170145
728,0,0,7.7375,,True,29.759611,2.0,female,1.0,1,3.0,0,Q,1,Miss,1,0.36868072
729,1,0,26.0,25.0,True,25.0,2.0,male,0.0,0,2.0,2,S,2,Mr,2,0.3088716
730,1,0,7.925,25.0,True,25.0,2.0,female,0.0,1,3.0,0,S,2,Miss,1,0.3088716
731,0,0,211.3375,29.0,True,29.0,2.0,female,1.0,1,1.0,1,S,2,Miss,1,0.35913548
732,0,0,18.7875,11.0,True,11.0,1.0,male,0.0,0,3.0,0,C,0,Mr,2,0.13294798
733,0,0,0.0,,True,29.759611,2.0,male,0.0,0,2.0,2,S,2,Mr,2,0.36868072
734,0,0,13.0,23.0,True,23.0,2.0,male,0.0,0,2.0,2,S,2,Mr,2,0.28373966
735,0,0,13.0,23.0,True,23.0,2.0,male,0.0,0,2.0,2,S,2,Mr,2,0.28373966
736,0,0,16.1,28.5,True,28.5,2.0,male,0.0,0,3.0,0,S,2,Mr,2,0.3528525
737,1,3,34.375,48.0,True,48.0,4.0,female,0.0,1,3.0,0,S,2,Mrs,3,0.59788895
738,0,0,512.3292,35.0,True,35.0,3.0,male,1.0,0,1.0,1,C,0,Mr,2,0.4345313
739,0,0,7.8958,,True,29.759611,2.0,male,0.0,0,3.0,0,S,2,Mr,2,0.36868072
740,0,0,7.8958,,True,29.759611,2.0,male,0.0,0,3.0,0,S,2,Mr,2,0.36868072
741,0,0,30.0,,True,29.759611,2.0,male,1.0,0,1.0,1,S,2,Mr,2,0.36868072
742,1,0,78.85,36.0,True,36.0,3.0,male,0.0,0,1.0,1,S,2,Mr,2,0.44709727
743,2,2,262.375,21.0,True,21.0,2.0,female,1.0,1,1.0,1,C,0,Miss,1,0.25860772
744,1,0,16.1,24.0,True,24.0,2.0,male,0.0,0,3.0,0,S,2,Mr,2,0.29630563
745,0,0,7.925,31.0,True,31.0,3.0,male,1.0,0,3.0,0,S,2,Mr,2,0.38426742
746,1,1,71.0,70.0,True,70.0,5.0,male,0.0,0,1.0,1,S,2,Others,4,0.8743403
747,1,1,20.25,16.0,True,16.0,1.0,male,0.0,0,3.0,0,S,2,Mr,2,0.19577783
748,0,0,13.0,30.0,True,30.0,3.0,female,1.0,1,2.0,2,S,2,Miss,1,0.37170145
749,1,0,53.1,19.0,True,19.0,2.0,male,0.0,0,1.0,1,S,2,Mr,2,0.23347574
750,0,0,7.75,31.0,True,31.0,3.0,male,0.0,0,3.0,0,Q,1,Mr,2,0.38426742
751,1,1,23.0,4.0,True,4.0,0.0,female,1.0,1,2.0,2,S,2,Miss,1,0.044986177
752,0,1,12.475,6.0,True,6.0,0.0,male,1.0,0,3.0,0,S,2,Master,0,0.07011812
753,0,0,9.5,33.0,True,33.0,3.0,male,0.0,0,3.0,0,S,2,Mr,2,0.40939936
754,0,0,7.8958,23.0,True,23.0,2.0,male,0.0,0,3.0,0,S,2,Mr,2,0.28373966
755,1,2,65.0,48.0,True,48.0,4.0,female,1.0,1,2.0,2,S,2,Mrs,3,0.59788895
756,1,1,14.5,0.67,True,0.67,0.0,male,1.0,0,2.0,2,S,2,Master,0,0.003141493
757,0,0,7.7958,28.0,True,28.0,2.0,male,0.0,0,3.0,0,S,2,Mr,2,0.3465695
758,0,0,11.5,18.0,True,18.0,2.0,male,0.0,0,2.0,2,S,2,Mr,2,0.22090977
759,0,0,8.05,34.0,True,34.0,3.0,male,0.0,0,3.0,0,S,2,Mr,2,0.42196533
760,0,0,86.5,33.0,True,33.0,3.0,female,1.0,1,1.0,1,S,2,Others,4,0.40939936
761,0,0,14.5,,True,29.759611,2.0,male,0.0,0,3.0,0,S,2,Mr,2,0.36868072
762,0,0,7.125,41.0,True,41.0,4.0,male,0.0,0,3.0,0,S,2,Mr,2,0.50992715
763,0,0,7.2292,20.0,True,20.0,2.0,male,1.0,0,3.0,0,C,0,Mr,2,0.24604173
764,1,2,120.0,36.0,True,36.0,3.0,female,1.0,1,1.0,1,S,2,Mrs,3,0.44709727
765,0,0,7.775,16.0,False,16.0,1.0,male,0.0,0,3.0,0,S,2,Mr,2,0.19577783
766,1,0,77.9583,51.0,True,51.0,4.0,female,1.0,1,1.0,1,S,2,Mrs,3,0.63558686
767,0,0,39.6,,True,29.759611,2.0,male,0.0,0,1.0,1,C,0,Others,4,0.36868072
768,0,0,7.75,30.5,True,30.5,3.0,female,0.0,1,3.0,0,Q,1,Miss,1,0.37798443
769,1,0,24.15,,True,29.759611,2.0,male,0.0,0,3.0,0,Q,1,Mr,2,0.36868072
770,0,0,8.3625,32.0,True,32.0,3.0,male,0.0,0,3.0,0,S,2,Mr,2,0.3968334
771,0,0,9.5,24.0,True,24.0,2.0,male,0.0,0,3.0,0,S,2,Mr,2,0.29630563
772,0,0,7.8542,48.0,True,48.0,4.0,male,0.0,0,3.0,0,S,2,Mr,2,0.59788895
773,0,0,10.5,57.0,True,57.0,4.0,female,0.0,1,2.0,2,S,2,Mrs,3,0.7109827
774,0,0,7.225,,True,29.759611,2.0,male,0.0,0,3.0,0,C,0,Mr,2,0.36868072
775,1,3,23.0,54.0,True,54.0,4.0,female,1.0,1,2.0,2,S,2,Mrs,3,0.67328477
776,0,0,7.75,18.0,True,18.0,2.0,male,0.0,0,3.0,0,S,2,Mr,2,0.22090977
777,0,0,7.75,,True,29.759611,2.0,male,0.0,0,3.0,0,Q,1,Mr,2,0.36868072
778,0,0,12.475,5.0,True,5.0,0.0,female,1.0,1,3.0,0,S,2,Miss,1,0.05755215
779,0,0,7.7375,,True,29.759611,2.0,male,0.0,0,3.0,0,Q,1,Mr,2,0.36868072
780,0,1,211.3375,43.0,True,43.0,4.0,female,1.0,1,1.0,1,S,2,Mrs,3,0.5350591
781,0,0,7.2292,13.0,True,13.0,1.0,female,1.0,1,3.0,0,C,0,Miss,1,0.15807992
782,1,0,57.0,17.0,True,17.0,1.0,female,1.0,1,1.0,1,S,2,Mrs,3,0.2083438
783,0,0,30.0,29.0,True,29.0,2.0,male,0.0,0,1.0,1,S,2,Mr,2,0.35913548
784,1,2,23.45,,True,29.759611,2.0,male,0.0,0,3.0,0,S,2,Mr,2,0.36868072
785,0,0,7.05,25.0,True,25.0,2.0,male,0.0,0,3.0,0,S,2,Mr,2,0.3088716
786,0,0,7.25,25.0,True,25.0,2.0,male,0.0,0,3.0,0,S,2,Mr,2,0.3088716
787,0,0,7.4958,18.0,True,18.0,2.0,female,1.0,1,3.0,0,S,2,Miss,1,0.22090977
788,4,1,29.125,8.0,True,8.0,0.0,male,0.0,0,3.0,0,Q,1,Master,0,0.09525006
789,1,2,20.575,1.0,True,1.0,0.0,male,1.0,0,3.0,0,S,2,Master,0,0.0072882636
790,0,0,79.2,46.0,True,46.0,4.0,male,0.0,0,1.0,1,C,0,Mr,2,0.572757
791,0,0,7.75,,True,29.759611,2.0,male,0.0,0,3.0,0,Q,1,Mr,2,0.36868072
792,0,0,26.0,16.0,True,16.0,1.0,male,0.0,0,2.0,2,S,2,Mr,2,0.19577783
793,8,2,69.55,,True,29.759611,2.0,female,0.0,1,3.0,0,S,2,Miss,1,0.36868072
794,0,0,30.6958,,True,29.759611,2.0,male,0.0,0,1.0,1,C,0,Mr,2,0.36868072
795,0,0,7.8958,25.0,False,25.0,2.0,male,0.0,0,3.0,0,S,2,Mr,2,0.3088716
796,0,0,13.0,39.0,True,39.0,3.0,male,0.0,0,2.0,2,S,2,Mr,2,0.48479518
797,0,0,25.9292,49.0,True,49.0,4.0,female,1.0,1,1.0,1,S,2,Others,4,0.6104549
798,0,0,8.6833,31.0,True,31.0,3.0,female,1.0,1,3.0,0,S,2,Mrs,3,0.38426742
799,0,0,7.2292,30.0,True,30.0,3.0,male,0.0,0,3.0,0,C,0,Mr,2,0.37170145
800,1,1,24.15,30.0,True,30.0,3.0,female,0.0,1,3.0,0,S,2,Mrs,3,0.37170145
801,0,0,13.0,34.0,True,34.0,3.0,male,0.0,0,2.0,2,S,2,Mr,2,0.42196533
802,1,1,26.25,31.0,True,31.0,3.0,female,1.0,1,2.0,2,S,2,Mrs,3,0.38426742
803,1,2,120.0,11.0,True,11.0,1.0,male,1.0,0,1.0,1,S,2,Master,0,0.13294798
804,0,1,8.5167,0.42,True,0.42,0.0,male,1.0,0,3.0,0,C,0,Master,0,0.0
805,0,0,6.975,27.0,True,27.0,2.0,male,1.0,0,3.0,0,S,2,Mr,2,0.33400354
806,0,0,7.775,31.0,True,31.0,3.0,male,0.0,0,3.0,0,S,2,Mr,2,0.38426742
807,0,0,0.0,39.0,True,39.0,3.0,male,0.0,0,1.0,1,S,2,Mr,2,0.48479518
808,0,0,7.775,18.0,True,18.0,2.0,female,0.0,1,3.0,0,S,2,Miss,1,0.22090977
809,0,0,13.0,39.0,True,39.0,3.0,male,0.0,0,2.0,2,S,2,Mr,2,0.48479518
810,1,0,53.1,33.0,True,33.0,3.0,female,1.0,1,1.0,1,S,2,Mrs,3,0.40939936
811,0,0,7.8875,26.0,True,26.0,2.0,male,0.0,0,3.0,0,S,2,Mr,2,0.32143757
812,0,0,24.15,39.0,True,39.0,3.0,male,0.0,0,3.0,0,S,2,Mr,2,0.48479518
813,0,0,10.5,35.0,True,35.0,3.0,male,0.0,0,2.0,2,S,2,Mr,2,0.4345313
814,4,2,31.275,6.0,True,6.0,0.0,female,0.0,1,3.0,0,S,2,Miss,1,0.07011812
815,0,0,8.05,30.5,True,30.5,3.0,male,0.0,0,3.0,0,S,2,Mr,2,0.37798443
816,0,0,0.0,,True,29.759611,2.0,male,0.0,0,1.0,1,S,2,Mr,2,0.36868072
817,0,0,7.925,23.0,True,23.0,2.0,female,0.0,1,3.0,0,S,2,Miss,1,0.28373966
818,1,1,37.0042,31.0,True,31.0,3.0,male,0.0,0,2.0,2,C,0,Mr,2,0.38426742
819,0,0,6.45,43.0,False,43.0,4.0,male,0.0,0,3.0,0,S,2,Mr,2,0.5350591
820,3,2,27.9,10.0,True,10.0,1.0,male,0.0,0,3.0,0,S,2,Master,0,0.12038201
821,1,1,93.5,52.0,True,52.0,4.0,female,1.0,1,1.0,1,S,2,Mrs,3,0.6481528
822,0,0,8.6625,27.0,False,27.0,2.0,male,1.0,0,3.0,0,S,2,Mr,2,0.33400354
823,0,0,0.0,38.0,True,38.0,3.0,male,0.0,0,1.0,1,S,2,Others,4,0.4722292
824,0,1,12.475,27.0,True,27.0,2.0,female,1.0,1,3.0,0,S,2,Mrs,3,0.33400354
825,4,1,39.6875,2.0,True,2.0,0.0,male,0.0,0,3.0,0,S,2,Master,0,0.019854235
826,0,0,6.95,,True,29.759611,2.0,male,0.0,0,3.0,0,Q,1,Mr,2,0.36868072
827,0,0,56.4958,,True,29.759611,2.0,male,0.0,0,3.0,0,S,2,Mr,2,0.36868072
828,0,2,37.0042,1.0,True,1.0,0.0,male,1.0,0,2.0,2,C,0,Master,0,0.0072882636
829,0,0,7.75,,True,29.759611,2.0,male,1.0,0,3.0,0,Q,1,Mr,2,0.36868072
830,0,0,80.0,62.0,True,62.0,4.0,female,1.0,1,1.0,1,S,2,Mrs,3,0.77381253
831,1,0,14.4542,15.0,True,15.0,1.0,female,1.0,1,3.0,0,C,0,Mrs,3,0.18321186
832,1,1,18.75,0.83,True,0.83,0.0,male,1.0,0,2.0,2,S,2,Master,0,0.005152048
833,0,0,7.2292,,True,29.759611,2.0,male,0.0,0,3.0,0,C,0,Mr,2,0.36868072
834,0,0,7.8542,23.0,True,23.0,2.0,male,0.0,0,3.0,0,S,2,Mr,2,0.28373966
835,0,0,8.3,18.0,True,18.0,2.0,male,0.0,0,3.0,0,S,2,Mr,2,0.22090977
836,1,1,83.1583,39.0,True,39.0,3.0,female,1.0,1,1.0,1,C,0,Miss,1,0.48479518
837,0,0,8.6625,21.0,True,21.0,2.0,male,0.0,0,3.0,0,S,2,Mr,2,0.25860772
838,0,0,8.05,,True,29.759611,2.0,male,0.0,0,3.0,0,S,2,Mr,2,0.36868072
839,0,0,56.4958,32.0,True,32.0,3.0,male,1.0,0,3.0,0,S,2,Mr,2,0.3968334
840,0,0,29.7,,True,29.759611,2.0,male,1.0,0,1.0,1,C,0,Mr,2,0.36868072
841,0,0,7.925,20.0,False,20.0,2.0,male,0.0,0,3.0,0,S,2,Mr,2,0.24604173
842,0,0,10.5,16.0,True,16.0,1.0,male,0.0,0,2.0,2,S,2,Mr,2,0.19577783
843,0,0,31.0,30.0,True,30.0,3.0,female,1.0,1,1.0,1,C,0,Miss,1,0.37170145
844,0,0,6.4375,34.5,True,34.5,3.0,male,0.0,0,3.0,0,C,0,Mr,2,0.42824832
845,0,0,8.6625,17.0,True,17.0,1.0,male,0.0,0,3.0,0,S,2,Mr,2,0.2083438
846,0,0,7.55,42.0,True,42.0,4.0,male,0.0,0,3.0,0,S,2,Mr,2,0.5224931
847,8,2,69.55,,False,29.759611,2.0,male,0.0,0,3.0,0,S,2,Mr,2,0.36868072
848,0,0,7.8958,35.0,True,35.0,3.0,male,0.0,0,3.0,0,C,0,Mr,2,0.4345313
849,0,1,33.0,28.0,True,28.0,2.0,male,0.0,0,2.0,2,S,2,Others,4,0.3465695
850,1,0,89.1042,,True,29.759611,2.0,female,1.0,1,1.0,1,C,0,Mrs,3,0.36868072
851,4,2,31.275,4.0,False,4.0,0.0,male,0.0,0,3.0,0,S,2,Master,0,0.044986177
852,0,0,7.775,74.0,True,74.0,5.0,male,0.0,0,3.0,0,S,2,Mr,2,0.9246042
853,1,1,15.2458,9.0,True,9.0,0.0,female,0.0,1,3.0,0,C,0,Miss,1,0.10781603
854,0,1,39.4,16.0,True,16.0,1.0,female,1.0,1,1.0,1,S,2,Miss,1,0.19577783
855,1,0,26.0,44.0,True,44.0,4.0,female,0.0,1,2.0,2,S,2,Mrs,3,0.54762506
856,0,1,9.35,18.0,True,18.0,2.0,female,1.0,1,3.0,0,S,2,Mrs,3,0.22090977
857,1,1,164.8667,45.0,False,45.0,4.0,female,1.0,1,1.0,1,S,2,Mrs,3,0.56019104
858,0,0,26.55,51.0,True,51.0,4.0,male,1.0,0,1.0,1,S,2,Mr,2,0.63558686
859,0,3,19.2583,24.0,True,24.0,2.0,female,1.0,1,3.0,0,C,0,Mrs,3,0.29630563
860,0,0,7.2292,,False,29.759611,2.0,male,0.0,0,3.0,0,C,0,Mr,2,0.36868072
861,2,0,14.1083,41.0,True,41.0,4.0,male,0.0,0,3.0,0,S,2,Mr,2,0.50992715
862,1,0,11.5,21.0,True,21.0,2.0,male,0.0,0,2.0,2,S,2,Mr,2,0.25860772
863,0,0,25.9292,48.0,True,48.0,4.0,female,1.0,1,1.0,1,S,2,Mrs,3,0.59788895
864,8,2,69.55,,True,29.759611,2.0,female,0.0,1,3.0,0,S,2,Miss,1,0.36868072
865,0,0,13.0,24.0,True,24.0,2.0,male,0.0,0,2.0,2,S,2,Mr,2,0.29630563
866,0,0,13.0,42.0,True,42.0,4.0,female,1.0,1,2.0,2,S,2,Mrs,3,0.5224931
867,1,0,13.8583,27.0,True,27.0,2.0,female,1.0,1,2.0,2,C,0,Miss,1,0.33400354
868,0,0,50.4958,31.0,True,31.0,3.0,male,0.0,0,1.0,1,S,2,Mr,2,0.38426742
869,0,0,9.5,,True,29.759611,2.0,male,0.0,0,3.0,0,S,2,Mr,2,0.36868072
870,1,1,11.1333,4.0,True,4.0,0.0,male,1.0,0,3.0,0,S,2,Master,0,0.044986177
871,0,0,7.8958,26.0,True,26.0,2.0,male,0.0,0,3.0,0,S,2,Mr,2,0.32143757
872,1,1,52.5542,47.0,True,47.0,4.0,female,1.0,1,1.0,1,S,2,Mrs,3,0.585323
873,0,0,5.0,33.0,True,33.0,3.0,male,0.0,0,1.0,1,S,2,Mr,2,0.40939936
874,0,0,9.0,47.0,True,47.0,4.0,male,0.0,0,3.0,0,S,2,Mr,2,0.585323
875,1,0,24.0,28.0,False,28.0,2.0,female,1.0,1,2.0,2,C,0,Mrs,3,0.3465695
876,0,0,7.225,15.0,True,15.0,1.0,female,1.0,1,3.0,0,C,0,Miss,1,0.18321186
877,0,0,9.8458,20.0,True,20.0,2.0,male,0.0,0,3.0,0,S,2,Mr,2,0.24604173
878,0,0,7.8958,19.0,True,19.0,2.0,male,0.0,0,3.0,0,S,2,Mr,2,0.23347574
879,0,0,7.8958,,False,29.759611,2.0,male,0.0,0,3.0,0,S,2,Mr,2,0.36868072
880,0,1,83.1583,56.0,True,56.0,4.0,female,1.0,1,1.0,1,C,0,Mrs,3,0.6984167
881,0,1,26.0,25.0,True,25.0,2.0,female,1.0,1,2.0,2,S,2,Mrs,3,0.3088716
882,0,0,7.8958,33.0,True,33.0,3.0,male,0.0,0,3.0,0,S,2,Mr,2,0.40939936
883,0,0,10.5167,22.0,False,22.0,2.0,female,0.0,1,3.0,0,S,2,Miss,1,0.2711737
884,0,0,10.5,28.0,True,28.0,2.0,male,0.0,0,2.0,2,S,2,Mr,2,0.3465695
885,0,0,7.05,25.0,True,25.0,2.0,male,0.0,0,3.0,0,S,2,Mr,2,0.3088716
886,0,5,29.125,39.0,True,39.0,3.0,female,0.0,1,3.0,0,Q,1,Mrs,3,0.48479518
887,0,0,13.0,27.0,True,27.0,2.0,male,0.0,0,2.0,2,S,2,Others,4,0.33400354
888,0,0,30.0,19.0,True,19.0,2.0,female,1.0,1,1.0,1,S,2,Miss,1,0.23347574
889,1,2,23.45,,False,29.759611,2.0,female,0.0,1,3.0,0,S,2,Miss,1,0.36868072
890,0,0,30.0,26.0,True,26.0,2.0,male,1.0,0,1.0,1,C,0,Mr,2,0.32143757
891,0,0,7.75,32.0,True,32.0,3.0,male,0.0,0,3.0,0,Q,1,Mr,2,0.3968334
892,0,0,7.8292,34.5,False,34.5,3.0,male,,0,3.0,0,Q,1,Mr,2,0.42824832
893,1,0,7.0,47.0,False,47.0,4.0,female,,1,3.0,0,S,2,Mrs,3,0.585323
894,0,0,9.6875,62.0,False,62.0,4.0,male,,0,2.0,2,Q,1,Mr,2,0.77381253
895,0,0,8.6625,27.0,False,27.0,2.0,male,,0,3.0,0,S,2,Mr,2,0.33400354
896,1,1,12.2875,22.0,False,22.0,2.0,female,,1,3.0,0,S,2,Mrs,3,0.2711737
897,0,0,9.225,14.0,False,14.0,1.0,male,,0,3.0,0,S,2,Mr,2,0.1706459
898,0,0,7.6292,30.0,False,30.0,3.0,female,,1,3.0,0,Q,1,Miss,1,0.37170145
899,1,1,29.0,26.0,False,26.0,2.0,male,,0,2.0,2,S,2,Mr,2,0.32143757
900,0,0,7.2292,18.0,False,18.0,2.0,female,,1,3.0,0,C,0,Mrs,3,0.22090977
901,2,0,24.15,21.0,False,21.0,2.0,male,,0,3.0,0,S,2,Mr,2,0.25860772
902,0,0,7.8958,,False,29.759611,2.0,male,,0,3.0,0,S,2,Mr,2,0.36868072
903,0,0,26.0,46.0,False,46.0,4.0,male,,0,1.0,1,S,2,Mr,2,0.572757
904,1,0,82.2667,23.0,False,23.0,2.0,female,,1,1.0,1,S,2,Mrs,3,0.28373966
905,1,0,26.0,63.0,False,63.0,4.0,male,,0,2.0,2,S,2,Mr,2,0.7863785
906,1,0,61.175,47.0,False,47.0,4.0,female,,1,1.0,1,S,2,Mrs,3,0.585323
907,1,0,27.7208,24.0,False,24.0,2.0,female,,1,2.0,2,C,0,Mrs,3,0.29630563
908,0,0,12.35,35.0,False,35.0,3.0,male,,0,2.0,2,Q,1,Mr,2,0.4345313
909,0,0,7.225,21.0,False,21.0,2.0,male,,0,3.0,0,C,0,Mr,2,0.25860772
910,1,0,7.925,27.0,False,27.0,2.0,female,,1,3.0,0,S,2,Miss,1,0.33400354
911,0,0,7.225,45.0,False,45.0,4.0,female,,1,3.0,0,C,0,Mrs,3,0.56019104
912,1,0,59.4,55.0,False,55.0,4.0,male,,0,1.0,1,C,0,Mr,2,0.68585074
913,0,1,3.1708,9.0,False,9.0,0.0,male,,0,3.0,0,S,2,Master,0,0.10781603
914,0,0,31.6833,,False,29.759611,2.0,female,,1,1.0,1,S,2,Mrs,3,0.36868072
915,0,1,61.3792,21.0,False,21.0,2.0,male,,0,1.0,1,C,0,Mr,2,0.25860772
916,1,3,262.375,48.0,False,48.0,4.0,female,,1,1.0,1,C,0,Mrs,3,0.59788895
917,1,0,14.5,50.0,False,50.0,4.0,male,,0,3.0,0,S,2,Mr,2,0.6230209
918,0,1,61.9792,22.0,False,22.0,2.0,female,,1,1.0,1,C,0,Miss,1,0.2711737
919,0,0,7.225,22.5,False,22.5,2.0,male,,0,3.0,0,C,0,Mr,2,0.27745667
920,0,0,30.5,41.0,False,41.0,4.0,male,,0,1.0,1,S,2,Mr,2,0.50992715
921,2,0,21.6792,,False,29.759611,2.0,male,,0,3.0,0,C,0,Mr,2,0.36868072
922,1,0,26.0,50.0,False,50.0,4.0,male,,0,2.0,2,S,2,Mr,2,0.6230209
923,2,0,31.5,24.0,False,24.0,2.0,male,,0,2.0,2,S,2,Mr,2,0.29630563
924,1,2,20.575,33.0,False,33.0,3.0,female,,1,3.0,0,S,2,Mrs,3,0.40939936
925,1,2,23.45,,False,29.759611,2.0,female,,1,3.0,0,S,2,Mrs,3,0.36868072
926,1,0,57.75,30.0,False,30.0,3.0,male,,0,1.0,1,C,0,Mr,2,0.37170145
927,0,0,7.2292,18.5,False,18.5,2.0,male,,0,3.0,0,C,0,Mr,2,0.22719276
928,0,0,8.05,,False,29.759611,2.0,female,,1,3.0,0,S,2,Miss,1,0.36868072
929,0,0,8.6625,21.0,False,21.0,2.0,female,,1,3.0,0,S,2,Miss,1,0.25860772
930,0,0,9.5,25.0,False,25.0,2.0,male,,0,3.0,0,S,2,Mr,2,0.3088716
931,0,0,56.4958,,False,29.759611,2.0,male,,0,3.0,0,S,2,Mr,2,0.36868072
932,0,1,13.4167,39.0,False,39.0,3.0,male,,0,3.0,0,C,0,Mr,2,0.48479518
933,0,0,26.55,,False,29.759611,2.0,male,,0,1.0,1,S,2,Mr,2,0.36868072
934,0,0,7.85,41.0,False,41.0,4.0,male,,0,3.0,0,S,2,Mr,2,0.50992715
935,0,0,13.0,30.0,False,30.0,3.0,female,,1,2.0,2,S,2,Mrs,3,0.37170145
936,1,0,52.5542,45.0,False,45.0,4.0,female,,1,1.0,1,S,2,Mrs,3,0.56019104
937,0,0,7.925,25.0,False,25.0,2.0,male,,0,3.0,0,S,2,Mr,2,0.3088716
938,0,0,29.7,45.0,False,45.0,4.0,male,,0,1.0,1,C,0,Mr,2,0.56019104
939,0,0,7.75,,False,29.759611,2.0,male,,0,3.0,0,Q,1,Mr,2,0.36868072
940,0,0,76.2917,60.0,False,60.0,4.0,female,,1,1.0,1,C,0,Mrs,3,0.7486806
941,0,2,15.9,36.0,False,36.0,3.0,female,,1,3.0,0,S,2,Mrs,3,0.44709727
942,1,0,60.0,24.0,False,24.0,2.0,male,,0,1.0,1,S,2,Mr,2,0.29630563
943,0,0,15.0333,27.0,False,27.0,2.0,male,,0,2.0,2,C,0,Mr,2,0.33400354
944,2,1,23.0,20.0,False,20.0,2.0,female,,1,2.0,2,S,2,Miss,1,0.24604173
945,3,2,263.0,28.0,False,28.0,2.0,female,,1,1.0,1,S,2,Miss,1,0.3465695
946,0,0,15.5792,,False,29.759611,2.0,male,,0,2.0,2,C,0,Mr,2,0.36868072
947,4,1,29.125,10.0,False,10.0,1.0,male,,0,3.0,0,Q,1,Master,0,0.12038201
948,0,0,7.8958,35.0,False,35.0,3.0,male,,0,3.0,0,S,2,Mr,2,0.4345313
949,0,0,7.65,25.0,False,25.0,2.0,male,,0,3.0,0,S,2,Mr,2,0.3088716
950,1,0,16.1,,False,29.759611,2.0,male,,0,3.0,0,S,2,Mr,2,0.36868072
951,0,0,262.375,36.0,False,36.0,3.0,female,,1,1.0,1,C,0,Miss,1,0.44709727
952,0,0,7.8958,17.0,False,17.0,1.0,male,,0,3.0,0,S,2,Mr,2,0.2083438
953,0,0,13.5,32.0,False,32.0,3.0,male,,0,2.0,2,S,2,Mr,2,0.3968334
954,0,0,7.75,18.0,False,18.0,2.0,male,,0,3.0,0,S,2,Mr,2,0.22090977
955,0,0,7.725,22.0,False,22.0,2.0,female,,1,3.0,0,Q,1,Miss,1,0.2711737
956,2,2,262.375,13.0,False,13.0,1.0,male,,0,1.0,1,C,0,Master,0,0.15807992
957,0,0,21.0,,False,29.759611,2.0,female,,1,2.0,2,S,2,Mrs,3,0.36868072
958,0,0,7.8792,18.0,False,18.0,2.0,female,,1,3.0,0,Q,1,Miss,1,0.22090977
959,0,0,42.4,47.0,False,47.0,4.0,male,,0,1.0,1,S,2,Mr,2,0.585323
960,0,0,28.5375,31.0,False,31.0,3.0,male,,0,1.0,1,C,0,Mr,2,0.38426742
961,1,4,263.0,60.0,False,60.0,4.0,female,,1,1.0,1,S,2,Mrs,3,0.7486806
962,0,0,7.75,24.0,False,24.0,2.0,female,,1,3.0,0,Q,1,Miss,1,0.29630563
963,0,0,7.8958,21.0,False,21.0,2.0,male,,0,3.0,0,S,2,Mr,2,0.25860772
964,0,0,7.925,29.0,False,29.0,2.0,female,,1,3.0,0,S,2,Miss,1,0.35913548
965,0,0,27.7208,28.5,False,28.5,2.0,male,,0,1.0,1,C,0,Mr,2,0.3528525
966,0,0,211.5,35.0,False,35.0,3.0,female,,1,1.0,1,C,0,Miss,1,0.4345313
967,0,0,211.5,32.5,False,32.5,3.0,male,,0,1.0,1,C,0,Mr,2,0.40311638
968,0,0,8.05,,False,29.759611,2.0,male,,0,3.0,0,S,2,Mr,2,0.36868072
969,2,0,25.7,55.0,False,55.0,4.0,female,,1,1.0,1,S,2,Mrs,3,0.68585074
970,0,0,13.0,30.0,False,30.0,3.0,male,,0,2.0,2,S,2,Mr,2,0.37170145
971,0,0,7.75,24.0,False,24.0,2.0,female,,1,3.0,0,Q,1,Miss,1,0.29630563
972,1,1,15.2458,6.0,False,6.0,0.0,male,,0,3.0,0,C,0,Master,0,0.07011812
973,1,0,221.7792,67.0,False,67.0,5.0,male,,0,1.0,1,S,2,Mr,2,0.8366424
974,0,0,26.0,49.0,False,49.0,4.0,male,,0,1.0,1,S,2,Mr,2,0.6104549
975,0,0,7.8958,,False,29.759611,2.0,male,,0,3.0,0,S,2,Mr,2,0.36868072
976,0,0,10.7083,,False,29.759611,2.0,male,,0,2.0,2,Q,1,Mr,2,0.36868072
977,1,0,14.4542,,False,29.759611,2.0,male,,0,3.0,0,C,0,Mr,2,0.36868072
978,0,0,7.8792,27.0,False,27.0,2.0,female,,1,3.0,0,Q,1,Miss,1,0.33400354
979,0,0,8.05,18.0,False,18.0,2.0,female,,1,3.0,0,S,2,Miss,1,0.22090977
980,0,0,7.75,,False,29.759611,2.0,female,,1,3.0,0,Q,1,Miss,1,0.36868072
981,1,1,23.0,2.0,False,2.0,0.0,male,,0,2.0,2,S,2,Master,0,0.019854235
982,1,0,13.9,22.0,False,22.0,2.0,female,,1,3.0,0,S,2,Mrs,3,0.2711737
983,0,0,7.775,,False,29.759611,2.0,male,,0,3.0,0,S,2,Mr,2,0.36868072
984,1,2,52.0,27.0,False,27.0,2.0,female,,1,1.0,1,S,2,Mrs,3,0.33400354
985,0,0,8.05,,False,29.759611,2.0,male,,0,3.0,0,S,2,Mr,2,0.36868072
986,0,0,26.0,25.0,False,25.0,2.0,male,,0,1.0,1,C,0,Mr,2,0.3088716
987,0,0,7.7958,25.0,False,25.0,2.0,male,,0,3.0,0,S,2,Mr,2,0.3088716
988,1,0,78.85,76.0,False,76.0,5.0,female,,1,1.0,1,S,2,Mrs,3,0.9497361
989,0,0,7.925,29.0,False,29.0,2.0,male,,0,3.0,0,S,2,Mr,2,0.35913548
990,0,0,7.8542,20.0,False,20.0,2.0,female,,1,3.0,0,S,2,Miss,1,0.24604173
991,0,0,8.05,33.0,False,33.0,3.0,male,,0,3.0,0,S,2,Mr,2,0.40939936
992,1,0,55.4417,43.0,False,43.0,4.0,female,,1,1.0,1,C,0,Mrs,3,0.5350591
993,1,0,26.0,27.0,False,27.0,2.0,male,,0,2.0,2,S,2,Mr,2,0.33400354
994,0,0,7.75,,False,29.759611,2.0,male,,0,3.0,0,Q,1,Mr,2,0.36868072
995,0,0,7.775,26.0,False,26.0,2.0,male,,0,3.0,0,S,2,Mr,2,0.32143757
996,1,1,8.5167,16.0,False,16.0,1.0,female,,1,3.0,0,C,0,Mrs,3,0.19577783
997,0,0,22.525,28.0,False,28.0,2.0,male,,0,3.0,0,S,2,Mr,2,0.3465695
998,0,0,7.8208,21.0,False,21.0,2.0,male,,0,3.0,0,Q,1,Mr,2,0.25860772
999,0,0,7.75,,False,29.759611,2.0,male,,0,3.0,0,Q,1,Mr,2,0.36868072
1000,0,0,8.7125,,False,29.759611,2.0,male,,0,3.0,0,S,2,Mr,2,0.36868072
1001,0,0,13.0,18.5,False,18.5,2.0,male,,0,2.0,2,S,2,Mr,2,0.22719276
1002,0,0,15.0458,41.0,False,41.0,4.0,male,,0,2.0,2,C,0,Mr,2,0.50992715
1003,0,0,7.7792,,False,29.759611,2.0,female,,1,3.0,0,Q,1,Miss,1,0.36868072
1004,0,0,31.6792,36.0,False,36.0,3.0,female,,1,1.0,1,C,0,Miss,1,0.44709727
1005,0,0,7.2833,18.5,False,18.5,2.0,female,,1,3.0,0,Q,1,Miss,1,0.22719276
1006,1,0,221.7792,63.0,False,63.0,4.0,female,,1,1.0,1,S,2,Mrs,3,0.7863785
1007,1,0,14.4542,18.0,False,18.0,2.0,male,,0,3.0,0,C,0,Mr,2,0.22090977
1008,0,0,6.4375,,False,29.759611,2.0,male,,0,3.0,0,C,0,Mr,2,0.36868072
1009,1,1,16.7,1.0,False,1.0,0.0,female,,1,3.0,0,S,2,Miss,1,0.0072882636
1010,0,0,75.2417,36.0,False,36.0,3.0,male,,0,1.0,1,C,0,Mr,2,0.44709727
1011,1,0,26.0,29.0,False,29.0,2.0,female,,1,2.0,2,S,2,Mrs,3,0.35913548
1012,0,0,15.75,12.0,False,12.0,1.0,female,,1,2.0,2,S,2,Miss,1,0.14551395
1013,1,0,7.75,,False,29.759611,2.0,male,,0,3.0,0,Q,1,Mr,2,0.36868072
1014,1,0,57.75,35.0,False,35.0,3.0,female,,1,1.0,1,C,0,Mrs,3,0.4345313
1015,0,0,7.25,28.0,False,28.0,2.0,male,,0,3.0,0,S,2,Mr,2,0.3465695
1016,0,0,7.75,,False,29.759611,2.0,male,,0,3.0,0,Q,1,Mr,2,0.36868072
1017,0,1,16.1,17.0,False,17.0,1.0,female,,1,3.0,0,S,2,Miss,1,0.2083438
1018,0,0,7.7958,22.0,False,22.0,2.0,male,,0,3.0,0,S,2,Mr,2,0.2711737
1019,2,0,23.25,,False,29.759611,2.0,female,,1,3.0,0,Q,1,Miss,1,0.36868072
1020,0,0,13.0,42.0,False,42.0,4.0,male,,0,2.0,2,S,2,Mr,2,0.5224931
1021,0,0,8.05,24.0,False,24.0,2.0,male,,0,3.0,0,S,2,Mr,2,0.29630563
1022,0,0,8.05,32.0,False,32.0,3.0,male,,0,3.0,0,S,2,Mr,2,0.3968334
1023,0,0,28.5,53.0,False,53.0,4.0,male,,0,1.0,1,C,0,Others,4,0.6607188
1024,0,4,25.4667,,False,29.759611,2.0,female,,1,3.0,0,S,2,Mrs,3,0.36868072
1025,1,0,6.4375,,False,29.759611,2.0,male,,0,3.0,0,C,0,Mr,2,0.36868072
1026,0,0,7.8958,43.0,False,43.0,4.0,male,,0,3.0,0,S,2,Mr,2,0.5350591
1027,0,0,7.8542,24.0,False,24.0,2.0,male,,0,3.0,0,S,2,Mr,2,0.29630563
1028,0,0,7.225,26.5,False,26.5,2.0,male,,0,3.0,0,C,0,Mr,2,0.32772055
1029,0,0,13.0,26.0,False,26.0,2.0,male,,0,2.0,2,S,2,Mr,2,0.32143757
1030,0,0,8.05,23.0,False,23.0,2.0,female,,1,3.0,0,S,2,Miss,1,0.28373966
1031,1,6,46.9,40.0,False,40.0,4.0,male,,0,3.0,0,S,2,Mr,2,0.49736118
1032,5,2,46.9,10.0,False,10.0,1.0,female,,1,3.0,0,S,2,Miss,1,0.12038201
1033,0,0,151.55,33.0,False,33.0,3.0,female,,1,1.0,1,S,2,Miss,1,0.40939936
1034,1,3,262.375,61.0,False,61.0,4.0,male,,0,1.0,1,C,0,Mr,2,0.76124656
1035,0,0,26.0,28.0,False,28.0,2.0,male,,0,2.0,2,S,2,Mr,2,0.3465695
1036,0,0,26.55,42.0,False,42.0,4.0,male,,0,1.0,1,S,2,Mr,2,0.5224931
1037,3,0,18.0,31.0,False,31.0,3.0,male,,0,3.0,0,S,2,Mr,2,0.38426742
1038,0,0,51.8625,,False,29.759611,2.0,male,,0,1.0,1,S,2,Mr,2,0.36868072
1039,0,0,8.05,22.0,False,22.0,2.0,male,,0,3.0,0,S,2,Mr,2,0.2711737
1040,0,0,26.55,,False,29.759611,2.0,male,,0,1.0,1,S,2,Mr,2,0.36868072
1041,1,1,26.0,30.0,False,30.0,3.0,male,,0,2.0,2,S,2,Others,4,0.37170145
1042,0,1,83.1583,23.0,False,23.0,2.0,female,,1,1.0,1,C,0,Mrs,3,0.28373966
1043,0,0,7.8958,,False,29.759611,2.0,male,,0,3.0,0,C,0,Mr,2,0.36868072
1044,0,0,,60.5,False,60.5,4.0,male,,0,3.0,0,S,2,Mr,2,0.7549636
1045,0,2,12.1833,36.0,False,36.0,3.0,female,,1,3.0,0,S,2,Mrs,3,0.44709727
1046,4,2,31.3875,13.0,False,13.0,1.0,male,,0,3.0,0,S,2,Master,0,0.15807992
1047,0,0,7.55,24.0,False,24.0,2.0,male,,0,3.0,0,S,2,Mr,2,0.29630563
1048,0,0,221.7792,29.0,False,29.0,2.0,female,,1,1.0,1,S,2,Miss,1,0.35913548
1049,0,0,7.8542,23.0,False,23.0,2.0,female,,1,3.0,0,S,2,Miss,1,0.28373966
1050,0,0,26.55,42.0,False,42.0,4.0,male,,0,1.0,1,S,2,Mr,2,0.5224931
1051,0,2,13.775,26.0,False,26.0,2.0,female,,1,3.0,0,S,2,Mrs,3,0.32143757
1052,0,0,7.7333,,False,29.759611,2.0,female,,1,3.0,0,Q,1,Miss,1,0.36868072
1053,1,1,15.2458,7.0,False,7.0,0.0,male,,0,3.0,0,C,0,Master,0,0.08268409
1054,0,0,13.5,26.0,False,26.0,2.0,female,,1,2.0,2,S,2,Miss,1,0.32143757
1055,0,0,7.0,,False,29.759611,2.0,male,,0,3.0,0,S,2,Mr,2,0.36868072
1056,0,0,13.0,41.0,False,41.0,4.0,male,,0,2.0,2,S,2,Others,4,0.50992715
1057,1,1,22.025,26.0,False,26.0,2.0,female,,1,3.0,0,S,2,Mrs,3,0.32143757
1058,0,0,50.4958,48.0,False,48.0,4.0,male,,0,1.0,1,C,0,Mr,2,0.59788895
1059,2,2,34.375,18.0,False,18.0,2.0,male,,0,3.0,0,S,2,Mr,2,0.22090977
1060,0,0,27.7208,,False,29.759611,2.0,female,,1,1.0,1,C,0,Mrs,3,0.36868072
1061,0,0,8.9625,22.0,False,22.0,2.0,female,,1,3.0,0,S,2,Miss,1,0.2711737
1062,0,0,7.55,,False,29.759611,2.0,male,,0,3.0,0,S,2,Mr,2,0.36868072
1063,0,0,7.225,27.0,False,27.0,2.0,male,,0,3.0,0,C,0,Mr,2,0.33400354
1064,1,0,13.9,23.0,False,23.0,2.0,male,,0,3.0,0,S,2,Mr,2,0.28373966
1065,0,0,7.2292,,False,29.759611,2.0,male,,0,3.0,0,C,0,Mr,2,0.36868072
1066,1,5,31.3875,40.0,False,40.0,4.0,male,,0,3.0,0,S,2,Mr,2,0.49736118
1067,0,2,39.0,15.0,False,15.0,1.0,female,,1,2.0,2,S,2,Miss,1,0.18321186
1068,0,0,36.75,20.0,False,20.0,2.0,female,,1,2.0,2,S,2,Miss,1,0.24604173
1069,1,0,55.4417,54.0,False,54.0,4.0,male,,0,1.0,1,C,0,Mr,2,0.67328477
1070,0,3,39.0,36.0,False,36.0,3.0,female,,1,2.0,2,S,2,Mrs,3,0.44709727
1071,0,2,83.1583,64.0,False,64.0,4.0,female,,1,1.0,1,C,0,Mrs,3,0.7989445
1072,0,0,13.0,30.0,False,30.0,3.0,male,,0,2.0,2,S,2,Mr,2,0.37170145
1073,1,1,83.1583,37.0,False,37.0,3.0,male,,0,1.0,1,C,0,Mr,2,0.45966324
1074,1,0,53.1,18.0,False,18.0,2.0,female,,1,1.0,1,S,2,Mrs,3,0.22090977
1075,0,0,7.75,,False,29.759611,2.0,male,,0,3.0,0,Q,1,Mr,2,0.36868072
1076,1,1,247.5208,27.0,False,27.0,2.0,female,,1,1.0,1,C,0,Mrs,3,0.33400354
1077,0,0,16.0,40.0,False,40.0,4.0,male,,0,2.0,2,S,2,Mr,2,0.49736118
1078,0,1,21.0,21.0,False,21.0,2.0,female,,1,2.0,2,S,2,Miss,1,0.25860772
1079,2,0,8.05,17.0,False,17.0,1.0,male,,0,3.0,0,S,2,Mr,2,0.2083438
1080,8,2,69.55,,False,29.759611,2.0,female,,1,3.0,0,S,2,Miss,1,0.36868072
1081,0,0,13.0,40.0,False,40.0,4.0,male,,0,2.0,2,S,2,Mr,2,0.49736118
1082,1,0,26.0,34.0,False,34.0,3.0,male,,0,2.0,2,S,2,Mr,2,0.42196533
1083,0,0,26.0,,False,29.759611,2.0,male,,0,1.0,1,S,2,Mr,2,0.36868072
1084,1,1,14.5,11.5,False,11.5,1.0,male,,0,3.0,0,S,2,Master,0,0.13923097
1085,0,0,12.35,61.0,False,61.0,4.0,male,,0,2.0,2,Q,1,Mr,2,0.76124656
1086,0,2,32.5,8.0,False,8.0,0.0,male,,0,2.0,2,S,2,Master,0,0.09525006
1087,0,0,7.8542,33.0,False,33.0,3.0,male,,0,3.0,0,S,2,Mr,2,0.40939936
1088,0,2,134.5,6.0,False,6.0,0.0,male,,0,1.0,1,C,0,Master,0,0.07011812
1089,0,0,7.775,18.0,False,18.0,2.0,female,,1,3.0,0,S,2,Miss,1,0.22090977
1090,0,0,10.5,23.0,False,23.0,2.0,male,,0,2.0,2,S,2,Mr,2,0.28373966
1091,0,0,8.1125,,False,29.759611,2.0,female,,1,3.0,0,S,2,Mrs,3,0.36868072
1092,0,0,15.5,,False,29.759611,2.0,female,,1,3.0,0,Q,1,Miss,1,0.36868072
1093,0,2,14.4,0.33,False,0.33,0.0,male,,0,3.0,0,S,2,Master,0,-0.0011309371
1094,1,0,227.525,47.0,False,47.0,4.0,male,,0,1.0,1,C,0,Others,4,0.585323
1095,1,1,26.0,8.0,False,8.0,0.0,female,,1,2.0,2,S,2,Miss,1,0.09525006
1096,0,0,10.5,25.0,False,25.0,2.0,male,,0,2.0,2,S,2,Mr,2,0.3088716
1097,0,0,25.7417,,False,29.759611,2.0,male,,0,1.0,1,C,0,Mr,2,0.36868072
1098,0,0,7.75,35.0,False,35.0,3.0,female,,1,3.0,0,Q,1,Miss,1,0.4345313
1099,0,0,10.5,24.0,False,24.0,2.0,male,,0,2.0,2,S,2,Mr,2,0.29630563
1100,0,0,27.7208,33.0,False,33.0,3.0,female,,1,1.0,1,C,0,Miss,1,0.40939936
1101,0,0,7.8958,25.0,False,25.0,2.0,male,,0,3.0,0,S,2,Mr,2,0.3088716
1102,0,0,22.525,32.0,False,32.0,3.0,male,,0,3.0,0,S,2,Mr,2,0.3968334
1103,0,0,7.05,,False,29.759611,2.0,male,,0,3.0,0,S,2,Mr,2,0.36868072
1104,0,0,73.5,17.0,False,17.0,1.0,male,,0,2.0,2,S,2,Mr,2,0.2083438
1105,1,0,26.0,60.0,False,60.0,4.0,female,,1,2.0,2,S,2,Mrs,3,0.7486806
1106,4,2,7.775,38.0,False,38.0,3.0,female,,1,3.0,0,S,2,Miss,1,0.4722292
1107,0,0,42.5,42.0,False,42.0,4.0,male,,0,1.0,1,S,2,Mr,2,0.5224931
1108,0,0,7.8792,,False,29.759611,2.0,female,,1,3.0,0,Q,1,Miss,1,0.36868072
1109,1,1,164.8667,57.0,False,57.0,4.0,male,,0,1.0,1,S,2,Mr,2,0.7109827
1110,1,1,211.5,50.0,False,50.0,4.0,female,,1,1.0,1,C,0,Mrs,3,0.6230209
1111,0,0,8.05,,False,29.759611,2.0,male,,0,3.0,0,S,2,Mr,2,0.36868072
1112,1,0,13.8583,30.0,False,30.0,3.0,female,,1,2.0,2,C,0,Miss,1,0.37170145
1113,0,0,8.05,21.0,False,21.0,2.0,male,,0,3.0,0,S,2,Mr,2,0.25860772
1114,0,0,10.5,22.0,False,22.0,2.0,female,,1,2.0,2,S,2,Mrs,3,0.2711737
1115,0,0,7.7958,21.0,False,21.0,2.0,male,,0,3.0,0,S,2,Mr,2,0.25860772
1116,0,0,27.4458,53.0,False,53.0,4.0,female,,1,1.0,1,C,0,Mrs,3,0.6607188
1117,0,2,15.2458,,False,29.759611,2.0,female,,1,3.0,0,C,0,Mrs,3,0.36868072
1118,0,0,7.7958,23.0,False,23.0,2.0,male,,0,3.0,0,S,2,Mr,2,0.28373966
1119,0,0,7.75,,False,29.759611,2.0,female,,1,3.0,0,Q,1,Miss,1,0.36868072
1120,0,0,15.1,40.5,False,40.5,4.0,male,,0,3.0,0,S,2,Mr,2,0.50364417
1121,0,0,13.0,36.0,False,36.0,3.0,male,,0,2.0,2,S,2,Mr,2,0.44709727
1122,0,0,65.0,14.0,False,14.0,1.0,male,,0,2.0,2,S,2,Mr,2,0.1706459
1123,0,0,26.55,21.0,False,21.0,2.0,female,,1,1.0,1,S,2,Miss,1,0.25860772
1124,1,0,6.4958,21.0,False,21.0,2.0,male,,0,3.0,0,S,2,Mr,2,0.25860772
1125,0,0,7.8792,,False,29.759611,2.0,male,,0,3.0,0,Q,1,Mr,2,0.36868072
1126,1,0,71.2833,39.0,False,39.0,3.0,male,,0,1.0,1,C,0,Mr,2,0.48479518
1127,0,0,7.8542,20.0,False,20.0,2.0,male,,0,3.0,0,S,2,Mr,2,0.24604173
1128,1,0,75.25,64.0,False,64.0,4.0,male,,0,1.0,1,C,0,Mr,2,0.7989445
1129,0,0,7.225,20.0,False,20.0,2.0,male,,0,3.0,0,C,0,Mr,2,0.24604173
1130,1,1,13.0,18.0,False,18.0,2.0,female,,1,2.0,2,S,2,Miss,1,0.22090977
1131,1,0,106.425,48.0,False,48.0,4.0,female,,1,1.0,1,C,0,Mrs,3,0.59788895
1132,0,0,27.7208,55.0,False,55.0,4.0,female,,1,1.0,1,C,0,Mrs,3,0.68585074
1133,0,2,30.0,45.0,False,45.0,4.0,female,,1,2.0,2,S,2,Mrs,3,0.56019104
1134,1,1,134.5,45.0,False,45.0,4.0,male,,0,1.0,1,C,0,Mr,2,0.56019104
1135,0,0,7.8875,,False,29.759611,2.0,male,,0,3.0,0,S,2,Mr,2,0.36868072
1136,1,2,23.45,,False,29.759611,2.0,male,,0,3.0,0,S,2,Master,0,0.36868072
1137,1,0,51.8625,41.0,False,41.0,4.0,male,,0,1.0,1,S,2,Mr,2,0.50992715
1138,0,0,21.0,22.0,False,22.0,2.0,female,,1,2.0,2,S,2,Mrs,3,0.2711737
1139,1,1,32.5,42.0,False,42.0,4.0,male,,0,2.0,2,S,2,Mr,2,0.5224931
1140,1,0,26.0,29.0,False,29.0,2.0,female,,1,2.0,2,S,2,Mrs,3,0.35913548
1141,1,0,14.4542,,False,29.759611,2.0,female,,1,3.0,0,C,0,Mrs,3,0.36868072
1142,1,2,27.75,0.92,False,0.92,0.0,female,,1,2.0,2,S,2,Miss,1,0.0062829866
1143,0,0,7.925,20.0,False,20.0,2.0,male,,0,3.0,0,S,2,Mr,2,0.24604173
1144,1,0,136.7792,27.0,False,27.0,2.0,male,,0,1.0,1,C,0,Mr,2,0.33400354
1145,0,0,9.325,24.0,False,24.0,2.0,male,,0,3.0,0,S,2,Mr,2,0.29630563
1146,0,0,9.5,32.5,False,32.5,3.0,male,,0,3.0,0,S,2,Mr,2,0.40311638
1147,0,0,7.55,,False,29.759611,2.0,male,,0,3.0,0,S,2,Mr,2,0.36868072
1148,0,0,7.75,,False,29.759611,2.0,male,,0,3.0,0,Q,1,Mr,2,0.36868072
1149,0,0,8.05,28.0,False,28.0,2.0,male,,0,3.0,0,S,2,Mr,2,0.3465695
1150,0,0,13.0,19.0,False,19.0,2.0,female,,1,2.0,2,S,2,Miss,1,0.23347574
1151,0,0,7.775,21.0,False,21.0,2.0,male,,0,3.0,0,S,2,Mr,2,0.25860772
1152,1,0,17.4,36.5,False,36.5,3.0,male,,0,3.0,0,S,2,Mr,2,0.45338026
1153,0,0,7.8542,21.0,False,21.0,2.0,male,,0,3.0,0,S,2,Mr,2,0.25860772
1154,0,2,23.0,29.0,False,29.0,2.0,female,,1,2.0,2,S,2,Mrs,3,0.35913548
1155,1,1,12.1833,1.0,False,1.0,0.0,female,,1,3.0,0,S,2,Miss,1,0.0072882636
1156,0,0,12.7375,30.0,False,30.0,3.0,male,,0,2.0,2,C,0,Mr,2,0.37170145
1157,0,0,7.8958,,False,29.759611,2.0,male,,0,3.0,0,S,2,Mr,2,0.36868072
1158,0,0,0.0,,False,29.759611,2.0,male,,0,1.0,1,S,2,Mr,2,0.36868072
1159,0,0,7.55,,False,29.759611,2.0,male,,0,3.0,0,S,2,Mr,2,0.36868072
1160,0,0,8.05,,False,29.759611,2.0,female,,1,3.0,0,S,2,Miss,1,0.36868072
1161,0,0,8.6625,17.0,False,17.0,1.0,male,,0,3.0,0,S,2,Mr,2,0.2083438
1162,0,0,75.2417,46.0,False,46.0,4.0,male,,0,1.0,1,C,0,Mr,2,0.572757
1163,0,0,7.75,,False,29.759611,2.0,male,,0,3.0,0,Q,1,Mr,2,0.36868072
1164,1,0,136.7792,26.0,False,26.0,2.0,female,,1,1.0,1,C,0,Mrs,3,0.32143757
1165,1,0,15.5,,False,29.759611,2.0,female,,1,3.0,0,Q,1,Miss,1,0.36868072
1166,0,0,7.225,,False,29.759611,2.0,male,,0,3.0,0,C,0,Mr,2,0.36868072
1167,1,0,26.0,20.0,False,20.0,2.0,female,,1,2.0,2,S,2,Miss,1,0.24604173
1168,0,0,10.5,28.0,False,28.0,2.0,male,,0,2.0,2,S,2,Mr,2,0.3465695
1169,1,0,26.0,40.0,False,40.0,4.0,male,,0,2.0,2,S,2,Mr,2,0.49736118
1170,1,0,21.0,30.0,False,30.0,3.0,male,,0,2.0,2,S,2,Mr,2,0.37170145
1171,0,0,10.5,22.0,False,22.0,2.0,male,,0,2.0,2,S,2,Mr,2,0.2711737
1172,0,0,8.6625,23.0,False,23.0,2.0,female,,1,3.0,0,S,2,Miss,1,0.28373966
1173,1,1,13.775,0.75,False,0.75,0.0,male,,0,3.0,0,S,2,Master,0,0.004146771
1174,0,0,7.75,,False,29.759611,2.0,female,,1,3.0,0,Q,1,Miss,1,0.36868072
1175,1,1,15.2458,9.0,False,9.0,0.0,female,,1,3.0,0,C,0,Miss,1,0.10781603
1176,1,1,20.2125,2.0,False,2.0,0.0,female,,1,3.0,0,S,2,Miss,1,0.019854235
1177,0,0,7.25,36.0,False,36.0,3.0,male,,0,3.0,0,S,2,Mr,2,0.44709727
1178,0,0,7.25,,False,29.759611,2.0,male,,0,3.0,0,S,2,Mr,2,0.36868072
1179,1,0,82.2667,24.0,False,24.0,2.0,male,,0,1.0,1,S,2,Mr,2,0.29630563
1180,0,0,7.2292,,False,29.759611,2.0,male,,0,3.0,0,C,0,Mr,2,0.36868072
1181,0,0,8.05,,False,29.759611,2.0,male,,0,3.0,0,S,2,Mr,2,0.36868072
1182,0,0,39.6,,False,29.759611,2.0,male,,0,1.0,1,S,2,Mr,2,0.36868072
1183,0,0,6.95,30.0,False,30.0,3.0,female,,1,3.0,0,Q,1,Miss,1,0.37170145
1184,0,0,7.2292,,False,29.759611,2.0,male,,0,3.0,0,C,0,Mr,2,0.36868072
1185,1,1,81.8583,53.0,False,53.0,4.0,male,,0,1.0,1,S,2,Others,4,0.6607188
1186,0,0,9.5,36.0,False,36.0,3.0,male,,0,3.0,0,S,2,Mr,2,0.44709727
1187,0,0,7.8958,26.0,False,26.0,2.0,male,,0,3.0,0,S,2,Mr,2,0.32143757
1188,1,2,41.5792,1.0,False,1.0,0.0,female,,1,2.0,2,C,0,Miss,1,0.0072882636
1189,2,0,21.6792,,False,29.759611,2.0,male,,0,3.0,0,C,0,Mr,2,0.36868072
1190,0,0,45.5,30.0,False,30.0,3.0,male,,0,1.0,1,S,2,Mr,2,0.37170145
1191,0,0,7.8542,29.0,False,29.0,2.0,male,,0,3.0,0,S,2,Mr,2,0.35913548
1192,0,0,7.775,32.0,False,32.0,3.0,male,,0,3.0,0,S,2,Mr,2,0.3968334
1193,0,0,15.0458,,False,29.759611,2.0,male,,0,2.0,2,C,0,Mr,2,0.36868072
1194,0,1,21.0,43.0,False,43.0,4.0,male,,0,2.0,2,S,2,Mr,2,0.5350591
1195,0,0,8.6625,24.0,False,24.0,2.0,male,,0,3.0,0,S,2,Mr,2,0.29630563
1196,0,0,7.75,,False,29.759611,2.0,female,,1,3.0,0,Q,1,Miss,1,0.36868072
1197,1,1,26.55,64.0,False,64.0,4.0,female,,1,1.0,1,S,2,Mrs,3,0.7989445
1198,1,2,151.55,30.0,False,30.0,3.0,male,,0,1.0,1,S,2,Mr,2,0.37170145
1199,0,1,9.35,0.83,False,0.83,0.0,male,,0,3.0,0,S,2,Master,0,0.005152048
1200,1,1,93.5,55.0,False,55.0,4.0,male,,0,1.0,1,S,2,Mr,2,0.68585074
1201,1,0,14.1083,45.0,False,45.0,4.0,female,,1,3.0,0,S,2,Mrs,3,0.56019104
1202,0,0,8.6625,18.0,False,18.0,2.0,male,,0,3.0,0,S,2,Mr,2,0.22090977
1203,0,0,7.225,22.0,False,22.0,2.0,male,,0,3.0,0,C,0,Mr,2,0.2711737
1204,0,0,7.575,,False,29.759611,2.0,male,,0,3.0,0,S,2,Mr,2,0.36868072
1205,0,0,7.75,37.0,False,37.0,3.0,female,,1,3.0,0,Q,1,Miss,1,0.45966324
1206,0,0,135.6333,55.0,False,55.0,4.0,female,,1,1.0,1,C,0,Mrs,3,0.68585074
1207,0,0,7.7333,17.0,False,17.0,1.0,female,,1,3.0,0,Q,1,Miss,1,0.2083438
1208,1,0,146.5208,57.0,False,57.0,4.0,male,,0,1.0,1,C,0,Mr,2,0.7109827
1209,0,0,10.5,19.0,False,19.0,2.0,male,,0,2.0,2,S,2,Mr,2,0.23347574
1210,0,0,7.8542,27.0,False,27.0,2.0,male,,0,3.0,0,S,2,Mr,2,0.33400354
1211,2,0,31.5,22.0,False,22.0,2.0,male,,0,2.0,2,S,2,Mr,2,0.2711737
1212,0,0,7.775,26.0,False,26.0,2.0,male,,0,3.0,0,S,2,Mr,2,0.32143757
1213,0,0,7.2292,25.0,False,25.0,2.0,male,,0,3.0,0,C,0,Mr,2,0.3088716
1214,0,0,13.0,26.0,False,26.0,2.0,male,,0,2.0,2,S,2,Mr,2,0.32143757
1215,0,0,26.55,33.0,False,33.0,3.0,male,,0,1.0,1,S,2,Mr,2,0.40939936
1216,0,0,211.3375,39.0,False,39.0,3.0,female,,1,1.0,1,S,2,Miss,1,0.48479518
1217,0,0,7.05,23.0,False,23.0,2.0,male,,0,3.0,0,S,2,Mr,2,0.28373966
1218,2,1,39.0,12.0,False,12.0,1.0,female,,1,2.0,2,S,2,Miss,1,0.14551395
1219,0,0,79.2,46.0,False,46.0,4.0,male,,0,1.0,1,C,0,Mr,2,0.572757
1220,1,0,26.0,29.0,False,29.0,2.0,male,,0,2.0,2,S,2,Mr,2,0.35913548
1221,0,0,13.0,21.0,False,21.0,2.0,male,,0,2.0,2,S,2,Mr,2,0.25860772
1222,0,2,36.75,48.0,False,48.0,4.0,female,,1,2.0,2,S,2,Mrs,3,0.59788895
1223,0,0,29.7,39.0,False,39.0,3.0,male,,0,1.0,1,C,0,Mr,2,0.48479518
1224,0,0,7.225,,False,29.759611,2.0,male,,0,3.0,0,C,0,Mr,2,0.36868072
1225,1,1,15.7417,19.0,False,19.0,2.0,female,,1,3.0,0,C,0,Mrs,3,0.23347574
1226,0,0,7.8958,27.0,False,27.0,2.0,male,,0,3.0,0,S,2,Mr,2,0.33400354
1227,0,0,26.0,30.0,False,30.0,3.0,male,,0,1.0,1,S,2,Mr,2,0.37170145
1228,0,0,13.0,32.0,False,32.0,3.0,male,,0,2.0,2,S,2,Mr,2,0.3968334
1229,0,2,7.2292,39.0,False,39.0,3.0,male,,0,3.0,0,C,0,Mr,2,0.48479518
1230,0,0,31.5,25.0,False,25.0,2.0,male,,0,2.0,2,S,2,Mr,2,0.3088716
1231,0,0,7.2292,,False,29.759611,2.0,male,,0,3.0,0,C,0,Master,0,0.36868072
1232,0,0,10.5,18.0,False,18.0,2.0,male,,0,2.0,2,S,2,Mr,2,0.22090977
1233,0,0,7.5792,32.0,False,32.0,3.0,male,,0,3.0,0,S,2,Mr,2,0.3968334
1234,1,9,69.55,,False,29.759611,2.0,male,,0,3.0,0,S,2,Mr,2,0.36868072
1235,0,1,512.3292,58.0,False,58.0,4.0,female,,1,1.0,1,C,0,Mrs,3,0.72354865
1236,1,1,14.5,,False,29.759611,2.0,male,,0,3.0,0,S,2,Master,0,0.36868072
1237,0,0,7.65,16.0,False,16.0,1.0,female,,1,3.0,0,S,2,Miss,1,0.19577783
1238,0,0,13.0,26.0,False,26.0,2.0,male,,0,2.0,2,S,2,Mr,2,0.32143757
1239,0,0,7.2292,38.0,False,38.0,3.0,female,,1,3.0,0,C,0,Mrs,3,0.4722292
1240,0,0,13.5,24.0,False,24.0,2.0,male,,0,2.0,2,S,2,Mr,2,0.29630563
1241,0,0,21.0,31.0,False,31.0,3.0,female,,1,2.0,2,S,2,Miss,1,0.38426742
1242,0,1,63.3583,45.0,False,45.0,4.0,female,,1,1.0,1,C,0,Mrs,3,0.56019104
1243,0,0,10.5,25.0,False,25.0,2.0,male,,0,2.0,2,S,2,Mr,2,0.3088716
1244,0,0,73.5,18.0,False,18.0,2.0,male,,0,2.0,2,S,2,Mr,2,0.22090977
1245,1,2,65.0,49.0,False,49.0,4.0,male,,0,2.0,2,S,2,Mr,2,0.6104549
1246,1,2,20.575,0.17,False,0.17,0.0,female,,1,3.0,0,S,2,Miss,1,-0.0031414926
1247,0,0,26.0,50.0,False,50.0,4.0,male,,0,1.0,1,S,2,Mr,2,0.6230209
1248,2,0,51.4792,59.0,False,59.0,4.0,female,,1,1.0,1,S,2,Mrs,3,0.7361146
1249,0,0,7.8792,,False,29.759611,2.0,male,,0,3.0,0,S,2,Mr,2,0.36868072
1250,0,0,7.75,,False,29.759611,2.0,male,,0,3.0,0,Q,1,Mr,2,0.36868072
1251,1,0,15.55,30.0,False,30.0,3.0,female,,1,3.0,0,S,2,Mrs,3,0.37170145
1252,8,2,69.55,14.5,False,14.5,1.0,male,,0,3.0,0,S,2,Master,0,0.17692888
1253,1,1,37.0042,24.0,False,24.0,2.0,female,,1,2.0,2,C,0,Mrs,3,0.29630563
1254,0,0,21.0,31.0,False,31.0,3.0,female,,1,2.0,2,S,2,Mrs,3,0.38426742
1255,0,0,8.6625,27.0,False,27.0,2.0,male,,0,3.0,0,S,2,Mr,2,0.33400354
1256,1,0,55.4417,25.0,False,25.0,2.0,female,,1,1.0,1,C,0,Mrs,3,0.3088716
1257,1,9,69.55,,False,29.759611,2.0,female,,1,3.0,0,S,2,Mrs,3,0.36868072
1258,1,0,14.4583,,False,29.759611,2.0,male,,0,3.0,0,C,0,Mr,2,0.36868072
1259,0,0,39.6875,22.0,False,22.0,2.0,female,,1,3.0,0,S,2,Miss,1,0.2711737
1260,0,1,59.4,45.0,False,45.0,4.0,female,,1,1.0,1,C,0,Mrs,3,0.56019104
1261,0,0,13.8583,29.0,False,29.0,2.0,male,,0,2.0,2,C,0,Mr,2,0.35913548
1262,1,0,11.5,21.0,False,21.0,2.0,male,,0,2.0,2,S,2,Mr,2,0.25860772
1263,0,0,134.5,31.0,False,31.0,3.0,female,,1,1.0,1,C,0,Miss,1,0.38426742
1264,0,0,0.0,49.0,False,49.0,4.0,male,,0,1.0,1,S,2,Mr,2,0.6104549
1265,0,0,13.0,44.0,False,44.0,4.0,male,,0,2.0,2,S,2,Mr,2,0.54762506
1266,1,1,81.8583,54.0,False,54.0,4.0,female,,1,1.0,1,S,2,Mrs,3,0.67328477
1267,0,0,262.375,45.0,False,45.0,4.0,female,,1,1.0,1,C,0,Miss,1,0.56019104
1268,2,0,8.6625,22.0,False,22.0,2.0,female,,1,3.0,0,S,2,Miss,1,0.2711737
1269,0,0,11.5,21.0,False,21.0,2.0,male,,0,2.0,2,S,2,Mr,2,0.25860772
1270,0,0,50.0,55.0,False,55.0,4.0,male,,0,1.0,1,S,2,Mr,2,0.68585074
1271,4,2,31.3875,5.0,False,5.0,0.0,male,,0,3.0,0,S,2,Master,0,0.05755215
1272,0,0,7.75,,False,29.759611,2.0,male,,0,3.0,0,Q,1,Mr,2,0.36868072
1273,0,0,7.8792,26.0,False,26.0,2.0,male,,0,3.0,0,Q,1,Mr,2,0.32143757
1274,0,0,14.5,,False,29.759611,2.0,female,,1,3.0,0,S,2,Mrs,3,0.36868072
1275,1,0,16.1,19.0,False,19.0,2.0,female,,1,3.0,0,S,2,Mrs,3,0.23347574
1276,0,0,12.875,,False,29.759611,2.0,male,,0,2.0,2,S,2,Mr,2,0.36868072
1277,1,2,65.0,24.0,False,24.0,2.0,female,,1,2.0,2,S,2,Miss,1,0.29630563
1278,0,0,7.775,24.0,False,24.0,2.0,male,,0,3.0,0,S,2,Mr,2,0.29630563
1279,0,0,13.0,57.0,False,57.0,4.0,male,,0,2.0,2,S,2,Mr,2,0.7109827
1280,0,0,7.75,21.0,False,21.0,2.0,male,,0,3.0,0,Q,1,Mr,2,0.25860772
1281,3,1,21.075,6.0,False,6.0,0.0,male,,0,3.0,0,S,2,Master,0,0.07011812
1282,0,0,93.5,23.0,False,23.0,2.0,male,,0,1.0,1,S,2,Mr,2,0.28373966
1283,0,1,39.4,51.0,False,51.0,4.0,female,,1,1.0,1,S,2,Mrs,3,0.63558686
1284,0,2,20.25,13.0,False,13.0,1.0,male,,0,3.0,0,S,2,Master,0,0.15807992
1285,0,0,10.5,47.0,False,47.0,4.0,male,,0,2.0,2,S,2,Mr,2,0.585323
1286,3,1,22.025,29.0,False,29.0,2.0,male,,0,3.0,0,S,2,Mr,2,0.35913548
1287,1,0,60.0,18.0,False,18.0,2.0,female,,1,1.0,1,S,2,Mrs,3,0.22090977
1288,0,0,7.25,24.0,False,24.0,2.0,male,,0,3.0,0,Q,1,Mr,2,0.29630563
1289,1,1,79.2,48.0,False,48.0,4.0,female,,1,1.0,1,C,0,Mrs,3,0.59788895
1290,0,0,7.775,22.0,False,22.0,2.0,male,,0,3.0,0,S,2,Mr,2,0.2711737
1291,0,0,7.7333,31.0,False,31.0,3.0,male,,0,3.0,0,Q,1,Mr,2,0.38426742
1292,0,0,164.8667,30.0,False,30.0,3.0,female,,1,1.0,1,S,2,Miss,1,0.37170145
1293,1,0,21.0,38.0,False,38.0,3.0,male,,0,2.0,2,S,2,Mr,2,0.4722292
1294,0,1,59.4,22.0,False,22.0,2.0,female,,1,1.0,1,C,0,Miss,1,0.2711737
1295,0,0,47.1,17.0,False,17.0,1.0,male,,0,1.0,1,S,2,Mr,2,0.2083438
1296,1,0,27.7208,43.0,False,43.0,4.0,male,,0,1.0,1,C,0,Mr,2,0.5350591
1297,0,0,13.8625,20.0,False,20.0,2.0,male,,0,2.0,2,C,0,Mr,2,0.24604173
1298,1,0,10.5,23.0,False,23.0,2.0,male,,0,2.0,2,S,2,Mr,2,0.28373966
1299,1,1,211.5,50.0,False,50.0,4.0,male,,0,1.0,1,C,0,Mr,2,0.6230209
1300,0,0,7.7208,,False,29.759611,2.0,female,,1,3.0,0,Q,1,Miss,1,0.36868072
1301,1,1,13.775,3.0,False,3.0,0.0,female,,1,3.0,0,S,2,Miss,1,0.032420207
1302,0,0,7.75,,False,29.759611,2.0,female,,1,3.0,0,Q,1,Miss,1,0.36868072
1303,1,0,90.0,37.0,False,37.0,3.0,female,,1,1.0,1,Q,1,Mrs,3,0.45966324
1304,0,0,7.775,28.0,False,28.0,2.0,female,,1,3.0,0,S,2,Miss,1,0.3465695
1305,0,0,8.05,,False,29.759611,2.0,male,,0,3.0,0,S,2,Mr,2,0.36868072
1306,0,0,108.9,39.0,False,39.0,3.0,female,,1,1.0,1,C,0,Others,4,0.48479518
1307,0,0,7.25,38.5,False,38.5,3.0,male,,0,3.0,0,S,2,Mr,2,0.4785122
1308,0,0,8.05,,False,29.759611,2.0,male,,0,3.0,0,S,2,Mr,2,0.36868072
1309,1,1,22.3583,,False,29.759611,2.0,male,,0,3.0,0,C,0,Master,0,0.36868072
